_id,job_source,job_com_info_com_name,job_com_info_creditNo,job_com_info_econKind,job_com_is_listed,job_com_stock_code,job_com_listed_relation,company_industry,company_scale,post_year,post_month,post_day,job_name,occupation_code1,occupation_code2,occupation_code3,min_job_num,max_job_num,job_city,job_district,job_com_info_location,job_work_mode,min_monthincm,max_monthincm,min_dayincm,max_dayincm,min_hourincm,max_hourincm,job_social_insurance,job_descrip,job_edu,job_collegetype,job_prof,job_profc1,job_profc2,job_profc3,job_profc4,job_profc5,job_profc6,job_profc7,job_profc8,job_profc9,job_profc10,job_profc11,job_profc12,job_skill,job_certi,job_experience,job_type,job_new,job_workday,job_workhr,ai_job,job_ai_skill
697b1197a224588b46029154,1.0,北京绅客文化传播有限公司,91110116MA01FH6L6P,4.0,0.0,-8.0,-8.0,18.0,1.0,2025.0,9.0,10.0,项目助理,2-06-07,3-01-02,,,,北京,顺义区,北京市朝阳区秀水东街8号3至5层内一层F1251A,1.0,6000.0,8000.0,-9.0,-9.0,-9.0,-9.0,0.0,1. 协助项目设计策划；2. 协助组织安排工作；3. 推进项目；4. 行政协调,6.0,0.0,1+设计、英语,0.0,0.0,0.0,0.0,1.0,0.0,0.0,0.0,0.0,0.0,0.0,1.0,1. 协助项目设计策划、协助组织安排工作、推进项目、行政协调等工作，总体是个需要热情和综合能力的岗位，希望有共同方向的人才参与，设计和英语专业及有项目管理经验的人才优先考虑加分项有以下行业经验：文化艺术/娱乐,0.0,1.0,-9.0,0.0,-9.0,-9.0,0.0,0.0
697b11e3a224588b4602c2dc,1.0,北京易越信息技术有限公司,911101053483864189,4.0,0.0,-8.0,-8.0,7.0,1.0,2025.0,9.0,10.0,服务端与前端技术经理,2-02-10,,,,,北京,朝阳区,北京市丰台区射击场路15号二层2038（园博数字）,1.0,10000.0,35000.0,-9.0,-9.0,-9.0,-9.0,0.0,1. 负责公司服务端和web前端技术团队的工作，分配工作任务，设计核心技术框架,6.0,0.0,-9,-8.0,-8.0,-8.0,-8.0,-8.0,-8.0,-8.0,-8.0,-8.0,-8.0,-8.0,-8.0,1. 负责公司服务端和web前端技术团队的工作，分配工作任务，设计核心技术框架,0.0,2.0,-9.0,0.0,-9.0,-9.0,0.0,0.0
697b121ba224588b4602e49e,1.0,上海科翼文化传播有限公司,91310112055084432H,4.0,0.0,-8.0,-8.0,18.0,1.0,2025.0,9.0,10.0,AE客户执行,2-06-07,3-01-02,,,,上海,普陀区,上海市普陀区曹杨路1888弄11号8楼808室K,1.0,6000.0,7000.0,-9.0,-9.0,-9.0,-9.0,1.0,1. 协助客户经理进行项目的具体执行工作，从事日常的客户联络、沟通、跟进与协调；2. 负责有效的内部沟通，有效推进及执行各项工作；3. 管理客户资料，通过各种渠道收集、整理客户信息，从中挖掘有效信息；4. 管理协调多项项目的资源，确保客户经理了解不同项目的进度；5. 记录并管理所有反馈意见以及与客户核对的过程,5.0,-8.0,1+广告、市场营销、公关,0.0,0.0,0.0,0.0,1.0,0.0,0.0,0.0,0.0,0.0,1.0,0.0,"1. 1年以上客户服务工作经验，服务过快消客户的优先；2. 熟悉广告公司项目流程；3. 良好的沟通技巧，执行力强；4. 有良好的时间管理能力、团队合作精神，能承受较强的工作压力；5. 本科以上学历，广告、市场营销、公关相关专业等择优录取；6. 熟练运用办公自动化软件，例如：Word, Excel，PPT",0.0,1.0,-9.0,0.0,-9.0,-9.0,0.0,0.0
697b1237a224588b460303d7,1.0,武汉两点十分影视有限公司,914201003334550628,4.0,0.0,-8.0,-8.0,7.0,2.0,2025.0,9.0,10.0,资深场景画师,2-09-06,,,,,北京,朝阳区,湖北省武汉市东湖新技术开发区关山大道465号曙光广场一期培训楼706/802811,1.0,15000.0,25000.0,-9.0,-9.0,-9.0,-9.0,1.0,1. 负责项目的场景原画造型，概念图等设计、场景物件设计和细化、场景修改及拆分；2. 能适应整体场景风格，对项目美术表现起到积极正面作用；3. 配合项目总监制定项目场景风格，输出场景原画设计模版和规范,0.0,-8.0,-9,-8.0,-8.0,-8.0,-8.0,-8.0,-8.0,-8.0,-8.0,-8.0,-8.0,-8.0,-8.0,1. 美术功底扎实，有良好的绘画技巧，对结构，色彩，空间以及气氛有较强的设计和把握能力；2. 3年以上场景美术工作经验，精通各种绘画软件；3. 视野广阔，具备设计大局观，有一定高度的审美水准；4. 有灵活的与时俱进的设计思维，丰富想象力和创新能力，对自己作品有高度要求,0.0,2.0,-9.0,0.0,-9.0,-9.0,0.0,0.0
697b1271a224588b46032af2,1.0,上海宣而教育科技有限公司,91310114MA1GT44M88,4.0,0.0,-8.0,-8.0,12.0,-9.0,2025.0,9.0,10.0,教务助理/前台接待,3-01-02,,,,,上海,普陀区,上海市嘉定区真新街道金沙江路3131号2幢JT2036室,1.0,4000.0,6000.0,-9.0,-9.0,-9.0,-9.0,1.0,1. 前台行政工作；2. 教务工作配合，点名打课表、排课调课等；3. 接待家长、学生，辅助老师管理学生；4. 办公用品领用,5.0,-8.0,-9,-8.0,-8.0,-8.0,-8.0,-8.0,-8.0,-8.0,-8.0,-8.0,-8.0,-8.0,-8.0,1. 有责任心 做事积极、严谨、执行力强，学习能力强；2. 有良好的客户服务意识，奋斗精神，团队合作精神，能适应灵活的工作时间；3. 有良好的沟通技巧，表达能力强，有感染力，反应能力强,0.0,0.0,-9.0,0.0,-9.0,-9.0,0.0,0.0
697b12c7a224588b46036dc9,1.0,上海颐锦体育科技有限公司,91310117332382762J,4.0,0.0,-8.0,-8.0,18.0,1.0,2025.0,9.0,10.0,康复理疗师,4-10-04,,,,,上海,闵行区,上海市闵行区沪闵路7399号4层423室,1.0,5000.0,10000.0,-9.0,-9.0,-9.0,-9.0,1.0,1. 懂人体解剖学及经络；2. 悟性高、实操能力强；3. 心态好，可纳入合伙人计划；4. 零基础小白可培养，悟性高的可快速打造成专业的整脊师；5. 若具备美式整脊实操经验，可独立操作，直接纳入整脊师队伍；6. 为人诚信，踏实，吃苦耐劳，有团队精神；7. 有店铺运营管理经验者优先,5.0,-8.0,-9,-8.0,-8.0,-8.0,-8.0,-8.0,-8.0,-8.0,-8.0,-8.0,-8.0,-8.0,-8.0,1. 懂人体解剖学及经络；2. 悟性高、实操能力强；3. 心态好，可纳入我们的合伙人计划；4. 零基础小白我们可培养，悟性高的，我们可快速将其打造成专业的整脊师；5. 若您具备美式整脊的实操经验，可独立操作，我们将您直接纳入我们的整脊师队伍；6. 为人诚信，踏实，吃苦耐劳，有团队精神；7. 有店铺运营管理经验者优先,1.0,0.0,-9.0,0.0,-9.0,-9.0,0.0,0.0
697b12caa224588b460378ee,1.0,上海瑞柯恩激光技术有限公司,9131000079147974XB,4.0,0.0,-8.0,-8.0,3.0,-9.0,2025.0,9.0,10.0,医疗器械研发项目总监,2-02-30,,,,,上海,浦东新区,上海市浦东新区庆达路315号16幢2F、3F,1.0,60000.0,90000.0,-9.0,-9.0,-9.0,-9.0,1.0,1. 负责管理公司所有研发项目；2. 负责建立研发项目流程并持续优化；3. 负责研发项目经理的培训和培养；4. 负责注册检验、设计变更、注册变更等；5. 负责产品相关的标准和法规等；6. 负责研发质量管理；7. 负责项目绩效管理,7.0,0.0,-9,-8.0,-8.0,-8.0,-8.0,-8.0,-8.0,-8.0,-8.0,-8.0,-8.0,-8.0,-8.0,1. 负责管理公司所有研发项目；2. 负责建立研发项目流程并持续优化；3. 负责研发项目经理的培训和培养；4. 负责注册检验、设计变更、注册变更等；5. 负责产品相关的标准和法规等；6. 负责研发质量管理；7. 负责项目绩效管理等,0.0,4.0,-9.0,0.0,-9.0,-9.0,0.0,0.0
697b12f4a224588b460397c7,1.0,青岛中和全运供应链集团有限公司,91370202MA3F84UE6D,4.0,0.0,-8.0,-8.0,6.0,-9.0,2025.0,9.0,10.0,海运单证,2-06-07,4-02-05,,,,上海,虹口区,山东省青岛市市南区香港中路40号旗舰大厦15E,1.0,5000.0,7000.0,-9.0,-9.0,-9.0,-9.0,1.0,1. 接单审单，安排订舱，发进仓单，做提单确认，跟进截单截货，确认签单立方；2. 跟进货物操作进度，放行，放关，配载通知给客户；3. 做账单，提交开票，后续根据公司放单风险管控把控放单；4. 在订单全程操作过程中处理查验，破损，高收等突发问题，做好客户订单维护,5.0,-8.0,-9,-8.0,-8.0,-8.0,-8.0,-8.0,-8.0,-8.0,-8.0,-8.0,-8.0,-8.0,-8.0,1. 1-2年单证或操作经验,0.0,1.0,-9.0,0.0,5.0,40.0,0.0,0.0
697b1300a224588b4603a3f7,1.0,北京链家置地房地产经纪有限公司北京市通州区北苑一路分店,91110112MA002HBF71,5.0,0.0,-8.0,-8.0,11.0,-9.0,2025.0,9.0,10.0,房产销售/管培生,4-06-02,,,,,北京,通州区,北京市通州区北苑一路1号院1号楼1层15,1.0,10000.0,15000.0,-9.0,-9.0,-9.0,-9.0,1.0,1. 负责线上（链家app，贝壳找房app）网络渠道的打理，保证信息准确、真实；2. 负责线下客户的接待、咨询工作，为客户提供专业的房地产置业咨询服务；3. 了解客户需求，提供合适房源；4. 负责商务谈判、合同签署以及房屋过户手续办理等服务工作,5.0,-8.0,-9,-8.0,-8.0,-8.0,-8.0,-8.0,-8.0,-8.0,-8.0,-8.0,-8.0,-8.0,-8.0,1. 统招本科及以上学历（根据学信网）；2. 喜欢挑战各种可能性，不服输，不愿意只拿底薪的；3. 喜欢团队协作的氛围；4. 喜欢线上线下的互联网模式；5. 喜欢90后轻松活跃的学习型团队,0.0,0.0,-9.0,1.0,6.0,-9.0,0.0,0.0
697b1304a224588b4603aebf,1.0,上海碳索能源服务股份有限公司,91310000575841804N,4.0,0.0,-8.0,-8.0,13.0,-9.0,2025.0,9.0,10.0,项目经理,2-02-30,2-02-18,,,,上海,闵行区,上海市闵行区春光路99弄6号A,1.0,18000.0,25000.0,-9.0,-9.0,-9.0,-9.0,1.0,1. 负责项目实施整体管控推进；2. 制定施工组织计划，目标成本会签；负责项目前期组织协调内部分包审核、设备采购计划审核；3. 负责施工图纸审核、优化，工程量核算；4. 现场施工管理，对现场安全、质量、进度、技术、成本等方面进行整体把控和管理；5. 负责现场与业主、分包、监理的沟通及协调工作，保持良好的关系；6. 负责协调施工单位现场作业，对施工人员进行施工安全控制和教育，及时处理施工纠纷；7. 负责材料、设备的现场验收，杜绝不合格材料在工程中使用；8. 对工程进度的审核工作；材料、设备付款会签；做好成本控制工作；9. 熟悉合同，及时跟踪工程进度款的收款情况；10. 组织工程的现场竣工验收工作；11. 项目工程档案资料及时完整归档；12. 公司安排的其他工作，如项目现场调研，评估项目可行性，参与项目立项评估，投标等,6.0,0.0,1+暖通工程、气体动力、供热工程,0.0,0.0,0.0,0.0,0.0,0.0,0.0,1.0,0.0,0.0,0.0,0.0,1. 暖通工程、气体动力、供热工程等相关专业，本科以上学历；2. 5年以上工作经验，熟悉暖通、给排水工程方面的技术规范、标准以及相关政策规定；3. 具有电子行业、平板显示、制药等行业的项目施工管理经验，有洁净室及机电安装项目经验优先；4. 具有二级以上建造师证书，有中级以上职称优先考虑；5. 具备良好的职业素养及较强的专业能力，现场管理、协调经验丰富，良好的沟通能力及灵活应变能力；6. 可适应长期出差,1.0,3.0,-9.0,0.0,-9.0,-9.0,0.0,0.0
697b1322a224588b4603d773,1.0,北京骏博出版咨询有限责任公司,91110108MA01GQCJ8M,4.0,0.0,-8.0,-8.0,12.0,1.0,2025.0,9.0,10.0,图书编辑,2-10-02,,,10.0,10.0,北京,海淀区,北京市朝阳区豆各庄黄厂西路1号C6栋一层1177,3.0,12000.0,16000.0,-9.0,-9.0,-9.0,-9.0,1.0,1. 独立完成从根据选题，搜集资料，对图书（大学教材等）进行编辑、整理、加工，直至出版的整个流程,6.0,0.0,-9,-8.0,-8.0,-8.0,-8.0,-8.0,-8.0,-8.0,-8.0,-8.0,-8.0,-8.0,-8.0,1. 本科以上，有图书编辑工作经验；2. 具有较强文字功底，有图书编辑经验者优先，熟悉图书出版的整个流程，最好近期的工作履历是图书编辑方面的工作；3. 完成资料查阅，采编，编辑，修改和校对工作；4. 能够高质量完成审读工作，书稿审读差错率能达到出版标准；5. 协助责任编辑解决编校过程中出现的问题；6. 完成领导交给的其他工作；7. 自律、认真严谨、生活简单，诚信，热爱编辑工作,0.0,0.0,3.0,0.0,5.0,-9.0,0.0,0.0
697b136ba224588b46042c89,1.0,-9,-9,-9.0,0.0,-8.0,-8.0,-9.0,-9.0,2025.0,9.0,10.0,质量管理/测试工程师,6-31-03,2-02-30,,,,上海,嘉定区,-9,1.0,3000.0,5000.0,-9.0,-9.0,-9.0,-9.0,0.0,1. 对所负责的检验产品按规定做好每一步的检验工作，并做好过程检验记录；2. 对生产产品跟踪巡检，发现一般质量问题及时通知班组进行整改；发现较大质量问题应填写不合格报告，通知相关部门作出处理意见再进行质量跟踪；3. 需要具备积极的工作态度，配合其他部门，主动做好检验工作；4. 对检验的每一台产品的质量问题负责，做到每一台出厂设备为合格产品；5. 掌握常压容器以及压力容器检验相关标准；6. 须知ISO9000质量管理体制,4.0,-8.0,1+机械类,0.0,0.0,0.0,0.0,0.0,0.0,0.0,1.0,0.0,0.0,0.0,0.0,1. 机械类等相关专业毕业；中专以上学历；2. 3年以上工作经验；2年以上过程检验工作经验；1年以上制作文件工作经验；3. 做过汽车焊接工装夹具行业,0.0,2.0,-9.0,0.0,-9.0,-9.0,0.0,0.0
697b1370a224588b46042ea9,1.0,52110101400790312G,52110101400790312G,8.0,0.0,-8.0,-8.0,16.0,-9.0,2025.0,9.0,10.0,学龄前老师,2-08-03,,,,,北京,通州区,北京市东城区交道口南大街16号602室,1.0,9000.0,14000.0,-9.0,-9.0,-9.0,-9.0,1.0,1. 3-5岁学龄前儿童乐高课程教学；2. 与家长沟通，帮助家长及时了解儿童成长动向；3. 学员服务，提升家长满意度；4. 授课能力过硬，具备与儿童沟通的能力与课堂表现力,5.0,-8.0,-9,-8.0,-8.0,-8.0,-8.0,-8.0,-8.0,-8.0,-8.0,-8.0,-8.0,-8.0,-8.0,1. 大专学历及以上；2. 形象阳光整洁，具有亲和力，对孩子有爱心，有耐心,0.0,0.0,1.0,0.0,-9.0,-9.0,0.0,0.0
697b139ba224588b4604566c,1.0,北京歌锐科技有限公司,91110105MA029NN58K,5.0,0.0,-8.0,-8.0,13.0,1.0,2025.0,9.0,10.0,机械研发工程师,2-02-07,,,,,北京,朝阳区,北京市北京经济技术开发区康定街15号院6号楼5层518室,1.0,15000.0,25000.0,-9.0,-9.0,-9.0,-9.0,1.0,1. 负责医疗机器人和相关医疗设备手术器械的设计；2. 负责与手术器械相关的机械结构设计，如与机器人的安装结构、转接结构等；3. 负责与手术器械加工方的沟通、跟产等相关事宜；4. 负责产品测试过程中的文件编写、维护和归档工作；5. 设计领域包括但不限于：骨科手术器械、微创手术器械、内窥镜手术器械,6.0,0.0,1+机械,0.0,0.0,0.0,0.0,0.0,0.0,0.0,1.0,0.0,0.0,0.0,0.0,"1. 本科及以上学历，机械工程或相关专业；2. 3年以上相关领域的设计经验；3. 精通Pro/E Creo, SolidWorks, Windchill, AutoCAD, 有限元等机械设计相关软件；4. 具有很强的动手能力",0.0,2.0,-9.0,0.0,-9.0,-9.0,0.0,0.00952
697b13dca224588b4604919d,1.0,汉王科技股份有限公司,911100006337095702,6.0,1.0,2362.0,-8.0,3.0,2.0,2025.0,9.0,10.0,驱动工程师,2-02-10,,,,,北京,海淀区,北京市海淀区东北旺西路8号5号楼三层,1.0,20000.0,40000.0,-9.0,-9.0,-9.0,-9.0,1.0,1. 负责Android系统底层系统驱动开发；2. 负责Linux内核的定制和优化；3. 负责解决系统开发中的关键架构问题，保证系统稳定性和可扩展性,7.0,0.0,1+计算机、电子、通信、自动化,0.0,0.0,0.0,0.0,0.0,0.0,0.0,1.0,0.0,0.0,0.0,0.0,1. 计算机、电子、通信、自动化等相关专业，统招本科及以上学历；2. 熟悉Linux内核系统底层驱动开发经验；3. 具备电源管理相关驱动开发经验；4. 扎实的C/C++编码基础；5. 有高通平台驱动优化经验优先,0.0,2.0,-9.0,0.0,-9.0,-9.0,0.0,0.0
697b148ea224588b46055a69,1.0,深圳市壹城装饰设计工程有限公司,91440300MA5FL6U1XH,4.0,0.0,-8.0,-8.0,13.0,1.0,2025.0,9.0,10.0,室内深化设计师,4-08-08,,,,,深圳,福田区,深圳市福田区沙头街道天安社区泰然六路52号雪松大厦B座15B,1.0,5000.0,10000.0,-9.0,-9.0,-9.0,-9.0,1.0,1. 施工图绘图经验；2. 能熟练使用AutoCAD，熟悉平、立、剖、节点、大样的绘制；能掌握材料性能、用途、尺寸规格；3. 有方案深化及节点设计能力；熟悉相关绘图规范及要求；能准确的领会和表达设计师的意图；4. 有过酒店、样板房、会所、别墅、商业办公等空间的施工图深化设计经验者优先,5.0,-8.0,1+室内设计、美术或建筑学,0.0,0.0,0.0,0.0,0.0,0.0,0.0,1.0,0.0,0.0,0.0,1.0,1. 大专以上学历，室内设计、美术或建筑学相关专业；2. 2年以上施工图绘图经验；3. 能熟练使用AutoCAD ，熟悉平、立、剖、节点、大样的绘制；能掌握材料性能、用途、尺寸规格；4. 有方案深化及节点设计能力；熟悉相关绘图规范及要求；能准确的领会和表达设计师的意图;5. 工作作风严谨，耐心细致，认真负责、坚持原则，有良好的职业素养、团队合作精神；6. 有过酒店、样板房、会所、别墅、商业办公等空间的施工图深化设计经验者优先,0.0,1.0,-9.0,0.0,-9.0,-9.0,0.0,0.0
697b14d0a224588b4605ab0a,1.0,深圳市生彩广告有限公司,91440300777152652W,4.0,0.0,-8.0,-8.0,3.0,1.0,2025.0,9.0,10.0,广告制作生产储干实习生,6-08-01,,,,,深圳,龙岗区,深圳市龙岗区园山街道安良社区安华路631号E栋201,1.0,3000.0,5000.0,-9.0,-9.0,-9.0,-9.0,1.0,1. 上班主要做广告过膜，裱板，切割；2. 切边，拼接，开切割机等工作,0.0,-8.0,-9,-8.0,-8.0,-8.0,-8.0,-8.0,-8.0,-8.0,-8.0,-8.0,-8.0,-8.0,-8.0,1. 上班主要做广告过膜，裱板，切割；2. 切边，拼接，开切割机等工作；3. 可提供吃住；4. 有人教，有人带,0.0,0.0,4.0,0.0,-9.0,-9.0,0.0,0.0
697b14dfa224588b4605c354,1.0,深圳市志航精密科技有限公司,91440300584079532D,4.0,0.0,-8.0,-8.0,3.0,-9.0,2025.0,9.0,10.0,PLC电气工程师,2-02-07,2-02-11,,,,深圳,宝安区,深圳市宝安区福永街道新和新兴工业园6区A4幢二楼,1.0,14000.0,20000.0,-9.0,-9.0,-9.0,-9.0,0.0,1. 电气设计：根据功能需求和机械结构，进行电气原理图设计，包括传感器、电磁阀、电机等电气元件的选型与布局；负责电气部分的布线设计；2. PLC程序开发：选用合适的PLC，进行夹治具及相关自动化设备的程序编写、调试与优化；实现夹治具的自动抓取、定位、夹紧、松开等动作的精准控制；3. 人机界面设计：开发简洁易用的人机界面，实现设备运行状态监控、参数设置、故障报警等功能；4. 系统集成与调试：参与夹治具与自动化生产线的电气系统集成工作，进行现场安装、接线指导及整体调试；解决调试过程中出现的电气技术问题；5. 技术支持与文档撰写：为生产部门、客户提供PLC电气系统的技术支持；编写电气设计说明书、PLC程序注释、操作手册等技术文档；6. 持续改进：关注夹治具及PLC控制技术的发展趋势，提出技术改进建议，优化现有电气控制系统,6.0,0.0,1+电气工程及其自动化、自动化、机电一体化等,0.0,0.0,0.0,0.0,0.0,0.0,0.0,1.0,0.0,0.0,0.0,0.0,1. 大专及以上学历，电气工程及其自动化、自动化、机电一体化等相关专业，中专学历要求；2. 具有2年以上夹治具电气设计及PLC编程调试工作经验，熟悉夹治具的工作原理和常见结构；有非标自动化设备行业经验者优先；3. 熟练掌握西门子、三菱或欧姆龙等至少一种品牌PLC的编程软件（如STEP7、GX Works2/3、CX-Programmer等），具备独立编程和调试能力；熟悉电气控制原理，能熟练设计电气原理图，掌握EPLAN 或 AutoCAD Electrical 等电气设计软件；了解传感器、气动元件、伺服电机等的工作原理及选型方法；具备一定的机械知识，能与机械工程师有效配合完成夹治具的整体设计；4. 具备较强的问题分析和解决能力，能快速排查和处理电气系统故障；良好的沟通协调能力和团队合作精神，能与机械设计、生产等部门高效协作；5. 具有较强的学习能力和创新思维，能快速掌握新技术并应用于实际工作中；6. 工作严谨细致，责任心强，有良好的职业素养；能适应偶尔的加班和短途出差，配合项目现场调试,0.0,1.0,-9.0,0.0,-9.0,-9.0,0.0,0.0
697b152fa224588b46063fa6,1.0,深圳市诗碧曼科技有限公司,9144030059778154XN,4.0,0.0,-8.0,-8.0,8.0,2.0,2025.0,9.0,10.0,养发师,4-10-03,,,,,北京,海淀区,深圳市南山区沙河街道高发社区深云路二号侨城一号广场主楼1701,1.0,4000.0,9000.0,-9.0,-9.0,-9.0,-9.0,1.0,1. 主要负责给会员客户提供养发护理手法操作；2. 负责服务、接待到店顾客；3. 负责产品及项目的销售及推广；4. 负责会员客户管理及客情维护；5. 协助店长做好店内其他工作,0.0,-8.0,-9,-8.0,-8.0,-8.0,-8.0,-8.0,-8.0,-8.0,-8.0,-8.0,-8.0,-8.0,-8.0,1. 22岁—50岁，男女不限，无白发及少量白发者优先考虑；2. 热爱服务及美容及养发行业；3. 对中药养发有浓厚的兴趣，有本行业经验优先；4. 学习能力强，能接受从基层做起，具有团队精神，敢于挑战自己,0.0,0.0,3.0,0.0,6.0,-9.0,0.0,0.0
697b1546a224588b4606652c,1.0,9133020025438442XD,9133020025438442XD,4.0,0.0,-8.0,-8.0,8.0,3.0,2025.0,9.0,10.0,BTB销售代表,4-01-02,,,,,北京,朝阳区,浙江省宁波市宁海县得力工业园,1.0,10000.0,12000.0,-9.0,-9.0,-9.0,-9.0,1.0,1. 收集客户的定制业务需求，整理、分析并寻找销售机会；2. 维护国企、事业单位等老客户客情关系，开发新客户并运用销售技能挖掘客户的业务需求；3. 根据销售计划，参与制定和调整销售方案（策略），并负责具体销售方案实施；4. 负责新老客户的定期拜访、沟通，进行客户关系的维护与开发,6.0,0.0,0,-8.0,-8.0,-8.0,-8.0,-8.0,-8.0,-8.0,-8.0,-8.0,-8.0,-8.0,-8.0,1. 本科及其以上学历，专业不限；2. 无销售工作经验要求，25届应届生优选培养；3. 具有一定的市场分析、预测和判断能力；4. 具有良好的客户服务意识，反应敏捷；5. 具有较强的沟通表达及逻辑思维能力,0.0,0.0,-9.0,0.0,5.0,40.0,0.0,0.0
697b154ea224588b460670eb,1.0,北京欧扬医疗美容门诊部有限公司,91110102335598788W,6.0,0.0,-8.0,-8.0,17.0,-9.0,2025.0,9.0,10.0,保洁,4-09-08,,,,,北京,海淀区,北京市西城区南礼士路3A2、丙(3)4,1.0,4000.0,6000.0,-9.0,-9.0,-9.0,-9.0,1.0,1. 负责所分配区域的卫生清洁工作；2. 保证按质按量的完成所分配的任务；3. 听从分配和安排,2.0,-8.0,-9,-8.0,-8.0,-8.0,-8.0,-8.0,-8.0,-8.0,-8.0,-8.0,-8.0,-8.0,-8.0,1. 身体健康，年龄35-50岁左右；2. 有酒店工作经验者优先；3. 有餐补,0.0,1.0,-9.0,0.0,6.0,75.0,0.0,0.0
697b1561a224588b46068b2f,1.0,携程计算机技术(上海)有限公司,91310000607284919B,5.0,0.0,-8.0,-8.0,7.0,3.0,2025.0,9.0,10.0,信贷产品经理,2-06-09,2-06-14,,,,北京,朝阳区,上海市徐汇区虹漕路421号63幢3层301室,1.0,25000.0,50000.0,-9.0,-9.0,-9.0,-9.0,1.0,1. 参与小微信贷产品的市场定位、发展规划，推动产品孵化落地；2. 设计该产品的金融要素、客户流程、内部作业流程，对客户体验和效率负责；3. 负责产品的研发实现、资金接入或运营推广等相关模块，对项目管理进度负责；4. 设计并监控业务关键指标，持续推动产品迭代优化，对交易规模、成本收益负责,6.0,0.0,-9,-8.0,-8.0,-8.0,-8.0,-8.0,-8.0,-8.0,-8.0,-8.0,-8.0,-8.0,-8.0,1. 至少3年信贷行业相关经验，有小微信贷相关经验者优先；2. 具有业务项目落地和管理经验，落地执行和推动能力强；4. 具备较强的数据分析能力及数据敏感度，可以通过数据得出结论、推动产品迭代；3. 具备强烈的责任心与自驱力，逻辑思维能力强，敢于尝试、乐于创新，对结果负责,0.0,2.0,-9.0,0.0,-9.0,-9.0,0.0,0.0
697b1577a224588b4606a22d,1.0,大连一珩一玥体育文化发展有限公司,91210231MA10PN9D1A,4.0,0.0,-8.0,-8.0,18.0,1.0,2025.0,9.0,10.0,场馆馆长,4-14-05,1-06-01,,,,大连,甘井子区,辽宁省大连高新技术产业园区七贤岭爱贤街10号设计城A座第14层1416,1.0,6000.0,8000.0,-9.0,-9.0,-9.0,-9.0,1.0,1. 有责任心，有运营经验管理能力；2. 性格开朗，积极乐观，能够调动员工积极性，帮助提升团队成员的业务水平；3. 具有开拓精神，具备销售能力；4. 擅长沟通，具备处理突发状况的能力,6.0,0.0,-9,-8.0,-8.0,-8.0,-8.0,-8.0,-8.0,-8.0,-8.0,-8.0,-8.0,-8.0,-8.0,1. 有责任心，有运营经验管理能力；2. 性格开朗，积极乐观，能够调动员工积极性，帮助提升团队成员的业务水平；3. 具有开拓精神，具备销售能力；4. 擅长沟通，具备处理突发状况的能力,0.0,2.0,-9.0,0.0,-9.0,-9.0,0.0,0.0
697b1588a224588b4606c40c,1.0,大连飞翔教育咨询有限公司,9121020256554788XE,4.0,0.0,-8.0,-8.0,12.0,1.0,2025.0,9.0,10.0,数学助教,2-08-99,,,,,大连,沙河口区,辽宁省大连市沙河口区兴工南五街298号1单元13层8号,1.0,3000.0,8000.0,-9.0,-9.0,-9.0,-9.0,1.0,1. 有一定文化课招生经验；2. 对于初高中课程内容有一定了解,6.0,0.0,-9,-8.0,-8.0,-8.0,-8.0,-8.0,-8.0,-8.0,-8.0,-8.0,-8.0,-8.0,-8.0,1. 有一定文化课招生经验；2. 对于初高中课程内容有一定了解；3. 愿意投身教育行业发展；4. 学习能力强，有一定文化课科目基础知识；5. 沟通表达力强，学习能力强，积极向上；6. 具有较强的同理心和服务意识,0.0,0.0,-9.0,0.0,-9.0,-9.0,0.0,0.0
697b1588a224588b4606c41e,1.0,大连慧瑞国际贸易有限公司,91210242570884784D,4.0,0.0,-8.0,-8.0,8.0,-9.0,2025.0,9.0,10.0,国际贸易跟单,2-06-07,4-02-05,4-02-06,,,大连,甘井子区,中国（辽宁）自由贸易试验区大连保税区海兴街602号1683室,1.0,5000.0,7000.0,-9.0,-9.0,-9.0,-9.0,1.0,1. 按照公司制度流程审核合同；2. 与供应商沟通确认发运时间；3. 与货代订舱发货；4. 结汇单据制作；5. 跟进收汇并核对费用并支付；6. 维护客户关系,5.0,-8.0,1+国际贸易，商务英语，化工，机械类,0.0,1.0,0.0,0.0,1.0,0.0,0.0,1.0,0.0,0.0,1.0,0.0,1. 国际贸易，商务英语，化工，机械类专业优先，欢迎胸怀梦想且细心，踏实，有责任心，有进取心并熟练应用办公软件，英文读写熟练的优秀人才加盟,0.0,0.0,-9.0,0.0,-9.0,-9.0,0.0,0.0
697b15e7a224588b46073d8b,1.0,91430100MA4Q1YDM9M,91430100MA4Q1YDM9M,4.0,0.0,-8.0,-8.0,12.0,1.0,2025.0,9.0,10.0,专利代理师,2-06-12,,,,,长沙,岳麓区,湖南省长沙市岳麓区天顶街道红星井湾子国际家居MALL梅溪湖店二期42栋959、960号,1.0,12000.0,15000.0,-9.0,-9.0,-9.0,-9.0,1.0,1. 撰写专利申请文件；2. 答复官方审查意见；3. 为企业或研发人员提供专利挖掘、专利布局等服务；4. 知识产权战略/布局，专利检索、专利分析、侵权分析等咨询服务,6.0,0.0,1+理工：信息与通信工程、电子科学与工程、电气工程及其自动化、微电子、计算机科学与技术、光信息科学与技术、机械制造及其自动化、电气信息类等理工科专业,0.0,0.0,0.0,0.0,0.0,0.0,1.0,1.0,0.0,0.0,0.0,0.0,1. 理工科专业，本科及以上学历，信息与通信工程、电子科学与工程、电气工程及其自动化、微电子、计算机科学与技术、光信息科学与技术、机械制造及其自动化、电气信息类等理工科专业；2. 具有1年以上专利代理工作经验，有专利代理人资格证或执业证者优先；3. 能熟练使用CAD、Pro/E等绘图软件、MicrosoftOffice办公软件及PS图像处理软件;4. 具备良好的文字表达能力、逻辑分析能力，以及良好的沟通、表达能力和服务意识；5. 具备良好的团队工作意识、工作中具有激情和强烈的责任感,1.0,1.0,-9.0,0.0,-9.0,-9.0,0.0,0.0
697b15f2a224588b46075130,1.0,长沙金航装饰工程有限公司,91430100MA4L2M0W66,4.0,0.0,-8.0,-8.0,5.0,1.0,2025.0,9.0,10.0,室内设计,4-08-08,,,,,长沙,岳麓区,长沙高新开发区东驰路198号万科金色梦想小区第S2栋公寓式酒店3层328房,1.0,8000.0,13000.0,-9.0,-9.0,-9.0,-9.0,0.0,1. 会画室内装饰施工图，平面方案图，深化施工图，水电图等,5.0,-8.0,-9,-8.0,-8.0,-8.0,-8.0,-8.0,-8.0,-8.0,-8.0,-8.0,-8.0,-8.0,-8.0,1. 会画室内装饰施工图，平面方案图，深化施工图，水电图等,0.0,0.0,-9.0,0.0,-9.0,-9.0,0.0,0.0
697b1615a224588b460797ae,1.0,友谊国际工程咨询股份有限公司,91430000616804162R,4.0,0.0,-8.0,-8.0,13.0,3.0,2025.0,9.0,10.0,财务实习生,2-06-03,,,,,长沙,开福区,湖南省长沙市开福区兴联路339号友谊咨询大厦18、19、20楼,1.0,1000.0,2000.0,-9.0,-9.0,-9.0,-9.0,1.0,1. 负责财务数据的收集、整理和分析，确保账目的准确性；2. 做固定资产盘点；3. 协助管理人员做好公司财务控制工作,5.0,-8.0,1+财务,0.0,0.0,0.0,0.0,0.0,0.0,0.0,0.0,0.0,0.0,1.0,0.0,1. 大专及以上学历，财务或相关专业；2. 具备扎实的财务知识和熟练操作能力，熟悉会计核算原则和税法规定；3. 精通Excel等办公软件，熟练运用ERP系统；4. 具备较强的沟通能力和团队合作精神，尤其需要注意细节。需要自己解决住宿,0.0,0.0,4.0,0.0,-9.0,-9.0,0.0,0.0
697b1660a224588b46080114,1.0,中瑞鸿电气有限公司,91410100MA3X77ADX1,4.0,0.0,-8.0,-8.0,3.0,1.0,2025.0,9.0,10.0,二次设备接线,6-29-03,,,,,郑州,中原区,郑州高新技术产业开发区莲花街316号6幢1层103号,1.0,4000.0,6000.0,-9.0,-9.0,-9.0,-9.0,0.0,1. 负责完成二次设备的生产、安装、调试、售后运维工作；2. 负责变电站、小区供配电的设备运行维护；3. 能看懂基础的相关图纸；4. 设备的试验，防汛系统安装，二次等方面的工作,4.0,-8.0,-9,-8.0,-8.0,-8.0,-8.0,-8.0,-8.0,-8.0,-8.0,-8.0,-8.0,-8.0,-8.0,1. 热爱电气设备行业，富有创新意识和敬业精神；2. 工作责任感强，吃苦耐劳有较好的钻研精神和团队合作意识；3. 能适应偶尔的出差（省内）,0.0,0.0,-9.0,0.0,-9.0,47.5,0.0,0.0
697b1671a224588b46081681,1.0,河南天华教育科技有限公司,91410100MA3XDC2E3N,6.0,0.0,-8.0,-8.0,16.0,-9.0,2025.0,9.0,10.0,网络客服,4-01-06,,,,,郑州,中原区,郑州高新技术开发区西三环路279号14幢12层51号,1.0,8000.0,12000.0,-9.0,-9.0,-9.0,-9.0,1.0,1. 公司提供工作手机，工作微信，提供资源（学员主动添加）；2. 我们只需要微信线上挖掘学员需求，推荐适合的课程 成交即可,5.0,-8.0,-9,-8.0,-8.0,-8.0,-8.0,-8.0,-8.0,-8.0,-8.0,-8.0,-8.0,-8.0,-8.0,1. 20岁****优先，有无经验均可；2. 良好的语言表达与沟通能力，打字熟练；3. 有无经验均可，公司提供网销技能培训,0.0,0.0,-9.0,1.0,-9.0,40.0,0.0,0.0
697b1676a224588b46082108,1.0,-9,-9,-9.0,0.0,-8.0,-8.0,-9.0,-9.0,2025.0,9.0,10.0,园林绿化工人,4-09-10,,,,,郑州,荥阳市,-9,1.0,2000.0,3000.0,-9.0,-9.0,-9.0,-9.0,1.0,1. 园区绿化养护及修剪，养护日常工作,0.0,-8.0,-9,-8.0,-8.0,-8.0,-8.0,-8.0,-8.0,-8.0,-8.0,-8.0,-8.0,-8.0,-8.0,1. 园区绿化养护及修剪，养护日常工作,0.0,0.0,1.0,0.0,-9.0,-9.0,0.0,0.0
697b167aa224588b4608280a,1.0,郑州嘉单信息科技有限公司,91410105MA45NU620A,4.0,0.0,-8.0,-8.0,7.0,-9.0,2025.0,9.0,10.0,网络销售,4-01-06,4-01-02,,,,郑州,金水区,河南省郑州市金水区花园路92号欧凯商务北楼3楼316,1.0,6000.0,11000.0,-9.0,-9.0,-9.0,-9.0,0.0,1. 负责和客户沟通，了解并分析客户需求；2. 线上沟通，开发新客户；3. 维护老客户，定期与客户沟通，建立长期合作关系,5.0,-8.0,-9,-8.0,-8.0,-8.0,-8.0,-8.0,-8.0,-8.0,-8.0,-8.0,-8.0,-8.0,-8.0,1. 普通话标准，口齿伶俐懂得消费者心理语言表达能力强擅于沟通；2. 学习能力强，性格开朗抗压能力强；3. 热爱销售行业,0.0,0.0,-9.0,0.0,-9.0,-9.0,0.0,0.0
697b1718a224588b460904b7,1.0,-9,-9,-9.0,0.0,-8.0,-8.0,-9.0,-9.0,2025.0,9.0,10.0,智能驾驶算法集成开发工程师,4-04-05,2-02-38,,,,杭州,-9,-9,1.0,18000.0,35000.0,-9.0,-9.0,-9.0,-9.0,0.0,1. 负责车载项目算法集成和二次开发相关工作；2. 负责车载项目Linux/Android端软件开发等相关工作,6.0,0.0,-9,-8.0,-8.0,-8.0,-8.0,-8.0,-8.0,-8.0,-8.0,-8.0,-8.0,-8.0,-8.0,1. 本科以上学历，有2年以上嵌入式开发经验；2. 熟练掌握C/C++;熟练掌握嵌入式软件开发和调试技巧；3. 熟悉Android端Java和Native层开发者优先;4. 有车载领域的开发经验者优先;5. 工作认真负责，责任心强，技术学习能力强,0.0,1.0,-9.0,0.0,-9.0,-9.0,0.0,0.00503
697b1784a224588b460996ac,1.0,浙江葫芦娃网络集团有限公司,91330101589882738D,4.0,0.0,-8.0,-8.0,13.0,1.0,2025.0,9.0,10.0,软件销售顾问/经理,2-06-07,4-01-02,,,,杭州,钱塘区,浙江省杭州市钱塘区白杨街道6号大街452号2幢A10011002号房,1.0,15000.0,30000.0,-9.0,-9.0,-9.0,-9.0,1.0,1. 多元化的销售模式：电销、网销、面销相结合，根据相应客户资源通过电话、微信进行有效沟通，分析、挖掘客户需求；2. 定期拜访客户，进行商务洽谈，了解客户信息及需求，提出初步解决方案，协助客户完成demo搭建和线上测试工作；3. 参与招投标、商务谈判、合同签订，推动有效验收、收款及售后服务,5.0,-8.0,0,-8.0,-8.0,-8.0,-8.0,-8.0,-8.0,-8.0,-8.0,-8.0,-8.0,-8.0,-8.0,1. 专科及以上学历，专业不限，应届生亦可培养；2. 有野心、挑战高薪，积极主动，坚持不懈；3. 具备良好的沟通表达能力、学习能力和抗压能力，工作积极主动，团队合作意识强；4. 有相关电话销售、互联网销售工作经验者优先,0.0,1.0,-9.0,0.0,-9.0,-9.0,0.0,0.0
697b17c1a224588b4609f359,1.0,浙江金拱门食品有限公司杭州火车东站东广场餐厅,913301003524420059,10.0,0.0,-8.0,-9.0,9.0,-9.0,2025.0,9.0,10.0,服务员,4-03-02,,,,,杭州,上城区,杭州市江干区钱江新城火车东站枢纽东广场地下一层B002,1.0,3000.0,4000.0,-9.0,-9.0,-9.0,-9.0,1.0,1. 根据营运需求，需要招募数名早班和晚班员工，社会兼职或者学生兼职,3.0,-8.0,-9,0.0,0.0,0.0,0.0,0.0,0.0,0.0,0.0,0.0,0.0,0.0,0.0,1. 根据营运需求，需要招募数名早班和晚班员工，社会兼职或者学生兼职,0.0,0.0,2.0,0.0,-9.0,40.0,0.0,0.0
697b1800a224588b460a3a89,1.0,杭州远方光电信息股份有限公司,91330000749475817C,6.0,0.0,-8.0,-9.0,3.0,2.0,2025.0,9.0,10.0,销售工程师,2-02-11,4-01-02,,,,杭州,滨江区,浙江省杭州市滨江区滨康路669号1号楼,1.0,8000.0,13000.0,-9.0,-9.0,-9.0,-9.0,1.0,1. 负责LED照明光学/物体色/汽车照明/显示测量/生物医疗等，光电检测相关行业与客户有关的过程控制和实施情况,6.0,0.0,1+光电、物理、电子及仪器仪表,0.0,0.0,0.0,0.0,0.0,0.0,1.0,1.0,0.0,0.0,0.0,0.0,1. 本科及以上，光电、物理、电子及仪器仪表等相关专业；2. 具备相应的光学、电子及仪器仪表类基础知识和产品知识；3. 具备基本财务、合同法、商务洽谈等知识和常识；4. 较强的抗压能力，能适应出差、加班,0.0,0.0,-9.0,0.0,-9.0,-9.0,0.0,0.0
697b1816a224588b460a5232,1.0,爱空间科技(北京)有限公司,91110107318088081H,4.0,0.0,-8.0,-9.0,12.0,3.0,2025.0,9.0,10.0,家装设计师,4-08-08,,,,,苏州,吴中区,北京市石景山区实兴大街30号院3号楼2层A0543房间,1.0,15000.0,30000.0,-9.0,-9.0,-9.0,-9.0,1.0,1. 具备专业技能及服务能力，为客户提供专业的设计服务；2. 负责客户的接待、量房排雷、方案设计、图纸报价及签约转化工作，保证转化率；3. 提供工地现场的设计及施工对接服务，协助解决现场问题,5.0,-8.0,1+室内设计,0.0,0.0,0.0,0.0,0.0,0.0,0.0,1.0,0.0,0.0,0.0,1.0,"1. 大专及以上学历,室内设计等相关专业；2. 三年以上室内装修方案主案设计经验,擅长平面规划，对于风格、色彩有较好的敏感度；3. 熟练掌握 Auto CAD、酷家乐效果图绘制软件以及 OFFICE 办公软件；4. 思维开阔、思路清晰、具有良好的语言沟通和文字表达能力；5. 有高度责任心和良好的团队合作精神、有强烈的服务意识及执行能力",0.0,2.0,-9.0,0.0,-9.0,-9.0,0.0,0.0
697b18f1a224588b460b979f,1.0,杭州奇盾信息技术有限公司,91330100MA2AY7XW6H,5.0,0.0,-8.0,-9.0,7.0,-9.0,2025.0,9.0,10.0,软件开发工程师,2-02-10,,,,,杭州,西湖区,浙江省杭州市天城路91号A座102室,1.0,25000.0,35000.0,-9.0,-9.0,-9.0,-9.0,1.0,1. 设计、开发和维护基于Linux的网络安全产品；2. 与团队合作，开发高质量的代码，确保产品的性能和安全性；3. 与跨职能团队合作，包括产品经理、测试工程师和安全分析师，以确保产品需求得到满足；4. 跟踪最新的Linux技术和网络安全趋势，不断优化产品性能,6.0,0.0,1+计算机、数学、电子信息,0.0,0.0,0.0,0.0,0.0,0.0,1.0,1.0,0.0,0.0,0.0,0.0,1. 本科及以上学历，计算机、数学、电子信息相关专业为佳，3、5年及以上Linux驱动开发工作经验；2. 精通C/C++语言，数据结构，丰富的产品应用开发经验；3. 熟悉linux驱动和内核开发，熟练使用各种linux下的调试工具；4. 熟悉性能优化工具；5. 具备较强的责任心和学习能力，善于沟通，有团队精神，具备问题定位与分析能力,1.0,3.0,-9.0,0.0,-9.0,-9.0,0.0,0.0
697b190da224588b460bb859,1.0,杭州庆杭服饰有限公司,91330106074328973U,4.0,0.0,-8.0,-9.0,8.0,-9.0,2025.0,9.0,10.0,店播主播,4-01-06,4-13-01,,,,杭州,余杭区,浙江省杭州市下城区海辰水岸晶座2幢607室,1.0,15000.0,30000.0,-9.0,-9.0,-9.0,-9.0,0.0,1. 负责在店铺直播间进行女装展示穿衣搭配，有自己的创意和对时尚的灵敏嗅觉；2. 讲解穿衣搭配的技巧，与粉丝互动引导销售，增加粉丝的粘度以及数量；3. 直播行业要求吃苦能抗住压力；4. 镜头感好，需要拍摄产品图、视频拍摄,6.0,0.0,-9,-8.0,-8.0,-8.0,-8.0,-8.0,-8.0,-8.0,-8.0,-8.0,-8.0,-8.0,-8.0,"1. 半年以上女装抖音直播经验，年龄20-40岁,身高160cm-170cm,颜值高、皮肤白、气质佳,偏成熟、或有自己的独特风格;2. 个性开朗,面对镜头自然大方,吐字清楚,声音甜美,语言表达能力强;3. 临场思维敏捷,具有较强的现场操控应变能力，善于与人沟通，与粉丝互动性强；4. 懂服装搭配,审美感好,上镜优先考虑；5. 有网络直播,或直播经验者优先考虑，独立完成直播内容，活跃直播气氛；6. 对带货有一定的理解能力者优先；7. 在抖音，淘宝等平台进行视频直播，推广并引导粉丝购买公司女装等产品；8. 需要定期拍摄产品视频及图片",0.0,1.0,1.0,1.0,-9.0,-9.0,0.0,0.0
697b1927a224588b460be72e,1.0,杭州花沫雨服饰有限公司,9133010568907683XR,4.0,0.0,-8.0,-9.0,8.0,1.0,2025.0,9.0,10.0,女装主播,4-01-06,4-13-01,,,,杭州,滨江区,浙江省杭州市滨江区浦沿街道滨文路426号岩大房文苑大厦20楼206131室,1.0,35000.0,65000.0,-9.0,-9.0,-9.0,-9.0,1.0,1. 通过抖音直播平台进行服装直播销售；2. 参与选品与直播脚本内容策划；3. 塑造主播人设记忆点，打造影响力和粉丝粘性；4. 拍摄视频进行账号孵化,0.0,0.0,-9,-8.0,-8.0,-8.0,-8.0,-8.0,-8.0,-8.0,-8.0,-8.0,-8.0,-8.0,-8.0,1. 有一年左右女装工作经验的优先；2. 亲和力、口头表达和应变能力强；3. 镜头感强，善于调动直播间氛围， 拥有较好的逻辑思维和反应能力，自信、热情、有活力；4. 五官端正，身材姣好，形象气质佳，160cm左右，体重在90斤左右衣品好眼光好，对于服装了解的优先；5. 熟悉淘宝、抖音及各种直播平台的规则；6. 具有良好的执行力、主动学习能力与抗压能力；6. 有平台粉丝的优先；7. 有女装带货直播间主播岗位经验优先,0.0,1.0,-9.0,1.0,6.0,-9.0,0.0,0.0
697b1927a224588b460be99d,1.0,米多力品牌管理(苏州)有限公司,91320594MA22P5UP8K,4.0,0.0,-8.0,-9.0,12.0,1.0,2025.0,9.0,10.0,儿童运动/助教,4-14-05,4-14-99,,,,苏州,虎丘区,中国（江苏）自由贸易试验区苏州片区苏州工业园区旺墩路269号星座商务广场1幢圆融中心33楼01单元AR18,1.0,3000.0,6000.0,-9.0,-9.0,-9.0,-9.0,1.0,1. 协助主教老师，有序的开展儿童运动课程；2. 管理使用好各种教具，摆放整齐有序，确保安全卫生；3. 对小朋友和蔼可亲，对家长有礼有节,5.0,-8.0,-9,0.0,0.0,0.0,0.0,0.0,0.0,0.0,0.0,0.0,0.0,0.0,0.0,1. 具备一定的运动基础和知识技能；2. 喜欢孩子，热情耐心，有责任感，注重细节；3. 普通话标准，善于沟通，形象气质佳，有亲和力；4. 有相关行业工作经验者优先,0.0,0.0,2.0,0.0,5.0,40.67,0.0,0.0
697b1977a224588b460c61fd,1.0,上海聚水潭网络科技有限公司,91310106312514270C,5.0,0.0,-8.0,-9.0,7.0,3.0,2025.0,9.0,10.0,资深产品经理,2-06-07,2-02-30,,,,上海,余杭区,上海市静安区新闸路1418号5幢214室,1.0,20000.0,35000.0,-9.0,-9.0,-9.0,-9.0,1.0,1. 国内最大的Saas平台供应链事业部负责供应链平台构建,6.0,0.0,-9,-8.0,-8.0,-8.0,-8.0,-8.0,-8.0,-8.0,-8.0,-8.0,-8.0,-8.0,-8.0,1. 国内最大的Saas平台供应链事业部负责供应链平台构建,0.0,1.0,-9.0,1.0,-9.0,-9.0,0.0,0.0
697b19a5a224588b460cb344,1.0,浙江云程信息集团,91330521MA29KDPK6U,4.0,0.0,-8.0,-9.0,7.0,1.0,2025.0,9.0,10.0,web前端,4-04-05,2-02-10,,,,杭州,余杭区,浙江省杭州市余杭区良渚街道金家渡路112号7号楼1420室,1.0,15000.0,18000.0,-9.0,-9.0,-9.0,-9.0,1.0,1. 依据项目需求高质量地完成复杂SPA应用以及移动端网页应用，微信小程序的开发、维护；2. 具有前端工程化的思维，使用或独立开发工具，以提高开发效率或提升项目质量；3. 在理解项目业务的基础上，结合前端技术，给出合理的实现方式，具有可扩展性，高可维护性，并充分考虑安全性、性能方面的风险；4. 业务组件和框架的设计与开发,6.0,0.0,-9,-8.0,-8.0,-8.0,-8.0,-8.0,-8.0,-8.0,-8.0,-8.0,-8.0,-8.0,-8.0,"1. 本科及以上学历；2. 掌握各种前端技术，可以熟练运用包括HTML/CSS/JavaScript 等技术；3. 熟练运用vue.js前端开发框架；4. 熟练使用vuex，vue-router以及vue相关的工具链的使用；5. 熟悉css预编译、后编译等工具， 如less/sass/postcss等；6. 熟悉webpack等打包工具的运作原理，能根据项目要求进行配置；7. 能独立负责一个正常SPA项目的开发，可以跟后端沟通实现项目需求；8. 具备良好的团队协作精神，能利用自身技术能力提升团队整体研发效率，提高团队影响力；9. 有良好的编码习惯, 能够编写清晰, 易于维护的代码；10. 能和设计师沟通交互设计，和后端开发研讨技术实现方案，制定服务接口，崇尚团队合作；11. 较强的自我管理能力，抱有积极的学习心态，乐于分享知识，喜欢沟通，乐观开朗，并且具有较强的逻辑思维",0.0,1.0,-9.0,0.0,-9.0,-9.0,0.0,0.0
697b19fda224588b460d3e75,1.0,厦门市英迈尔电子科技有限公司,91350212693046385F,4.0,0.0,-8.0,-9.0,13.0,1.0,2025.0,9.0,10.0,电脑网络办公设备学徒,4-12-02,,,,,厦门,同安区,厦门市同安区岳东路56号（莲福广场3号店面）,1.0,1000.0,3000.0,-9.0,-9.0,-9.0,-9.0,1.0,1. 对电脑、打印机、复印机、网络的维修维护技术钻研，有责任心强、自觉性强，有团队精神，肯学，肯吃苦,4.0,-8.0,-9,-8.0,-8.0,-8.0,-8.0,-8.0,-8.0,-8.0,-8.0,-8.0,-8.0,-8.0,-8.0,1. 对电脑、打印机、复印机、网络的维修维护技术钻研的，有责任心强、自觉性强，有团队精神，肯学，肯吃苦，具体面谈,0.0,0.0,-9.0,0.0,6.0,-9.0,0.0,0.0
697b1a43a224588b460d9492,1.0,杭州影核网络科技有限公司,91330109MA2CEY9K1Q,5.0,0.0,-8.0,-9.0,7.0,1.0,2025.0,9.0,10.0,VR游戏开发工程师,2-02-38,2-09-06,,,,广州,天河区,广州天河区方圆E时光西座607-2,1.0,15000.0,30000.0,-9.0,-9.0,-9.0,-9.0,1.0,1. 参与VR合作项目开发，进行一体机的Porting和优化；2. 负责SDK接入，同时设计SDK的Wrapper；3. 基于Unity或Unreal引擎开发VR产品，负责VR项目需求的整体技术实现；4. 负责VR相关技术的调研、评估工作,6.0,0.0,-9,-8.0,-8.0,-8.0,-8.0,-8.0,-8.0,-8.0,-8.0,-8.0,-8.0,-8.0,-8.0,1. 2年以上游戏开发经验，熟悉Unity或Unreal以及脚本开发；2. 熟悉计算机图形学相关算法，熟悉3D渲染及优化；3. 有PC VR或Mobile VR开发经验；4. 掌握数据结构、数据库、网络编程以及多线程编程技术；5. 逻辑思维强，数学功底扎实，良好英文阅读能力，具备良好的编程习惯和代码规范；6. 热爱游戏，热爱新技术，对XR有兴趣,0.0,1.0,-9.0,0.0,-9.0,-9.0,1.0,0.0276923
697b1a93a224588b460dfc7a,1.0,宁波小智网络科技有限公司,91330283MA28192E5U,4.0,0.0,-8.0,-9.0,7.0,-9.0,2025.0,9.0,10.0,销售专员,4-01-02,,,,,宁波,奉化区,浙江省宁波市奉化区岳林街道东环路68号2座2层201室（跨境电商园试点区）,1.0,10000.0,15000.0,-9.0,-9.0,-9.0,-9.0,1.0,1. 开发新商家（电销+面销外贸型企业）；2. 有效服务已合作商家,5.0,-8.0,-9,-8.0,-8.0,-8.0,-8.0,-8.0,-8.0,-8.0,-8.0,-8.0,-8.0,-8.0,-8.0,1. 大专及以上学历，销售经验丰富可降低学历要求（同时欢迎热爱销售工作的应届毕业生）；2. 有电销+面销+会销经验优先；3. 热爱销售、性格外向、反应敏捷、表达能力强，具有较强的沟通能力及交际技巧，具有亲和力,0.0,0.0,-9.0,0.0,5.0,-9.0,0.0,0.0
697b1b00a224588b460e8c55,1.0,广州勋驰汽车发展,91440106278744637A,10.0,0.0,-8.0,-9.0,15.0,1.0,2025.0,9.0,10.0,汽车维修机电班组长,4-12-01,,,,,广州,天河区,广州市天河区车陂路598号102铺,1.0,10000.0,15000.0,-9.0,-9.0,-9.0,-9.0,1.0,1. 能热爱汽车行业，未来5年没有改行计划，有上进心，有团队意识，储备店长，储备合伙人,4.0,-8.0,-9,-8.0,-8.0,-8.0,-8.0,-8.0,-8.0,-8.0,-8.0,-8.0,-8.0,-8.0,-8.0,1. 能热爱汽车行业，未来5年没有改行计划，有上进心，有团队意识,0.0,3.0,-9.0,0.0,-9.0,-9.0,0.0,0.0
697b1b27a224588b460eb13f,1.0,滴普科技股份有限公司,91110108MA01BUXD6R,5.0,0.0,-8.0,-9.0,7.0,-9.0,2025.0,9.0,10.0,产品总监,2-02-34,,,,,广州,海珠区,北京市海淀区学院南路62号院1号楼10层10011002,1.0,25000.0,40000.0,-9.0,-9.0,-9.0,-9.0,1.0,1. 产品线负责人。行业洞见，产品思维，组织管理,6.0,0.0,-9,-8.0,-8.0,-8.0,-8.0,-8.0,-8.0,-8.0,-8.0,-8.0,-8.0,-8.0,-8.0,1. 行业洞见，产品思维，组织管理,0.0,3.0,-9.0,0.0,-9.0,-9.0,0.0,0.0
697b1b68a224588b460f07c1,1.0,宁波市科思拉艺术培训有限公司,91330201MA2J7WXY12,4.0,0.0,-8.0,-9.0,16.0,-9.0,2025.0,9.0,10.0,STEM教师,2-08-99,,,,,宁波,慈溪市,浙江省宁波杭州湾新区金源大道19号世纪金源购物中心B区三层JYC043号商铺,1.0,5000.0,6000.0,-9.0,-9.0,-9.0,-9.0,1.0,1. 针对3-12岁孩子进行授课，课程整合科学实验、乐高构建、少儿编程等；2. 配合校区的统一管理，根据统一管理的进度和内容进行专业的教学工作；3. 开展客户服务和家长互动沟通的工作；4. 在教学和服务的基础上，开展续费和推荐等工作；5. 教具的管理和使用；6. 配合校区需要配合完成相关工作,5.0,-8.0,-9,-8.0,-8.0,-8.0,-8.0,-8.0,-8.0,-8.0,-8.0,-8.0,-8.0,-8.0,-8.0,1. 大专以上学历，幼教或STEM相关经验优先；2. 具有教师资格证优先；3. 喜欢孩子、热爱教育事业；4. 有爱心有耐心，强团队合作精神，表达能力强,1.0,1.0,-9.0,0.0,5.0,-9.0,0.0,0.0
697b1b8fa224588b460f390a,1.0,广州新盛楚办公设备有限公司,91440101687659177C,4.0,0.0,-8.0,-9.0,8.0,-9.0,2025.0,9.0,10.0,跨境电商外贸专员,4-01-06,4-01-02,,,,广州,黄埔区,广州市黄埔区科学城玉树工业园敬业三街1号H栋205房,1.0,5000.0,10000.0,-9.0,-9.0,-9.0,-9.0,1.0,1. 对接国际站中国制造网以及独立站询单以及海外参展陌拜销售办公设备耗材；广告印刷机械设备墨水耗材，包括全新和二手复印机速印机，碳粉墨盒，硒鼓，鼓芯芯片配件，油墨版纸；以及印花机器，UV打印机，宽幅写真机和相关墨水；2. 出差马来西亚、南非、波兰、哥伦比亚、墨西哥,6.0,0.0,-9,-8.0,-8.0,-8.0,-8.0,-8.0,-8.0,-8.0,-8.0,-8.0,-8.0,-8.0,-8.0,1. 对接国际站中国制造网以及独立站询单以及海外参展陌拜销售办公设备耗材；广告印刷机械设备墨水耗材。包括全新和二手复印机速印机，碳粉墨盒，硒鼓，鼓芯芯片配件，油墨版纸；以及印花机器，UV打印机，宽幅写真机和相关墨水,0.0,1.0,-9.0,1.0,-9.0,-9.0,0.0,0.0
697b1c07a224588b460fc229,1.0,广州贝尔特贸易有限公司,91440101MA5CR19Q7X,4.0,0.0,-8.0,-9.0,8.0,1.0,2025.0,9.0,10.0,外贸助理,4-01-06,,,,,广州,白云区,广州市白云区兴善中路70号406室,1.0,3000.0,7000.0,-9.0,-9.0,-9.0,-9.0,1.0,1. 协助管理海内外的亚马逊、TEMU等跨境平台的销售平台日常维护，发布更新产品，优化产品信息的关键词，提升产品信息排名；2. 对电子商务平台的运作规则有一定了解；3. 定期统计销售数据，对销售情况定期进行总结分析，并将所遇问题及时与相关人员沟通，完成上级交办的其他事项,6.0,0.0,1+英语、商务英语或国际经济与贸易、小语种专业,0.0,1.0,0.0,0.0,1.0,0.0,0.0,0.0,0.0,0.0,1.0,0.0,1. 责任与态度是工作的基本要求，有独立思考能力，能尝试新的东西；2. 对跨境电商感兴趣，具有一定的互联网思维和销售意识；3. 拥有较强的组织、协调、沟通以及敏锐的洞察力和执行能力；4. 良好的团队协作精神，为人诚实可靠、品行端正；5. 本科以上学历，英语、商务英语或国际经济与贸易相关专业；6. 熟练使用办公软件，PS优先考虑，英语大学六级以上，小语种专业优先,0.0,0.0,1.0,1.0,-9.0,-9.0,0.0,0.0
697b1c2ba224588b460fd7b9,1.0,成都精灵云科技有限公司,91510100MA61R6E01Q,4.0,0.0,-8.0,-9.0,7.0,2.0,2025.0,9.0,10.0,GO/云原生开发,2-02-38,,,,,成都,武侯区,中国（四川）自由贸易试验区成都高新区天府五街200号4号楼B区8层804、805室,1.0,25000.0,35000.0,-9.0,-9.0,-9.0,-9.0,1.0,1. 负责公司云产品的服务器端核心代码编写；2. 疑难杂症技术问题解决,6.0,0.0,1+计算机,0.0,0.0,0.0,0.0,0.0,0.0,0.0,1.0,0.0,0.0,0.0,0.0,1. 本科以上学历，计算机及相关专业；2. 精通面向对象概念、方法及各种设计文档编写，具有模块设计和开发经验，对设计模式有深入了解，在开发中熟练使用设计模式方法；3. 熟悉计算机网络，熟悉Golang底层框架和库的实现，熟悉常用数据结构及算法；4. 有较强的执行能力，能够快速定位问题,0.0,4.0,-9.0,0.0,-9.0,-9.0,0.0,0.0
697b1c3ca224588b460ff04f,1.0,广州海峡医疗美容医院有限公司,91440101MA59T0GM42,4.0,0.0,-8.0,-9.0,17.0,-9.0,2025.0,9.0,10.0,皮肤科医生,2-05-01,4-10-03,,,,广州,天河区,广州市天河区天河北路90108号中座201自编12单元,1.0,20000.0,30000.0,-9.0,-9.0,-9.0,-9.0,1.0,1. 熟练掌握激光仪器和美容仪器的操作流程和操作技能，为顾客提供专业的、规范的治疗服务；2. 为顾客提供亲切、贴心的服务，与顾客建立良好的客情关系；3. 配合公司进行相关专业培训、实操演练；4. 积极配合院内的销售工作,5.0,0.0,-9,-8.0,-8.0,-8.0,-8.0,-8.0,-8.0,-8.0,-8.0,-8.0,-8.0,-8.0,-8.0,1. 1年以上专业整形美容医院皮肤科激光治疗工作经验；2. 具备美容皮肤科执业医师资格证可变更注册，且具备美容主诊医师优先考虑；3. 大专以上学历，男女不限；4. 熟悉并掌握除皱紧肤、美白淡斑、医疗护肤、微创手术等项目、医学美容产品及仪器的原理；5. 良好的服务意识，热情、信心、耐心，形象气质好,1.0,1.0,-9.0,0.0,-9.0,-9.0,0.0,0.0
697b1ca3a224588b4610878c,1.0,青岛路博宏业环保技术开发有限公司,91370213579755153R,4.0,0.0,-8.0,-9.0,14.0,-9.0,2025.0,9.0,10.0,销售专员,4-01-02,,,,,青岛,城阳区,青岛市李沧区九水东路130号3号楼1801室,1.0,6000.0,11000.0,-9.0,-9.0,-9.0,-9.0,1.0,1. 在直属领导带领下开发新客户，完成个人销售计划；2. 开发客户，了解客户需求，制定销售方案，洽谈销售合同，提供服务；3. 自觉遵守公司及部门规章制度，保证原始资料完整无缺，应收账款准确无误；4. 总结归纳客户相关资料，积极参与成功案例编写；5. 参加公司组织的各项培训课程,5.0,-8.0,1+市场营销、电子商务、保险、房产、商务管理类相关专业,0.0,1.0,0.0,0.0,0.0,0.0,0.0,0.0,0.0,0.0,1.0,0.0,"1. 市场营销、电子商务、保险、房产、商务管理类相关专业优先；（欢迎各高校应届生）2. 热爱销售行业；3. 具备良好的职业道德观，能够承受较强的工作压力；4. 较强的语言表达能力和沟通能力,具备一定的商务谈判能力；5. 很好的团队意识和荣誉感，富有激情并拥有较强的责任心",0.0,0.0,-9.0,0.0,-9.0,-9.0,0.0,0.0
697b1cd6a224588b4610c96b,1.0,青岛山谷服饰有限公司,91370212MA3MXF9787,4.0,0.0,-8.0,-9.0,8.0,1.0,2025.0,9.0,10.0,缝纫工,6-05-01,,,,,青岛,崂山区,山东省青岛市崂山区翠岭路6号2号楼3层308户,1.0,4000.0,7000.0,-9.0,-9.0,-9.0,-9.0,1.0,1. 服装缝纫制作的辅助工作，钉扣、锁眼、质检，熨烫等,0.0,-8.0,-9,-8.0,-8.0,-8.0,-8.0,-8.0,-8.0,-8.0,-8.0,-8.0,-8.0,-8.0,-8.0,1. 服装缝纫制作的辅助工作，钉扣、锁眼、质检，熨烫等,0.0,0.0,-9.0,0.0,-9.0,-9.0,0.0,0.0
697b1d07a224588b46110fd2,1.0,武汉理工光科股份有限公司,9142010072466171X0,6.0,1.0,300557.0,-9.0,3.0,2.0,2025.0,9.0,10.0,JAVA工程师,2-02-10,,,,,武汉,洪山区,武汉市东湖开发区武汉理工大学科技园,1.0,7000.0,14000.0,-9.0,-9.0,-9.0,-9.0,1.0,1. 负责系统软件的后台设计、开发以及维护工作，编写相关的技术文档,6.0,0.0,-9,-8.0,-8.0,-8.0,-8.0,-8.0,-8.0,-8.0,-8.0,-8.0,-8.0,-8.0,-8.0,"1. 2年以上服务器端的开发经验,精通java相关技术以及J2EE开发框架（如：Spring、Spring MVC、ibatis等），具有多线程、同步、网络编程（socket）经验；2. 能熟练进行后台应用开发，熟悉appache、Tomcat应用服务器；3. 熟练掌握SQL Server/MySQL数据库应用开发和查询优化",0.0,1.0,-9.0,0.0,-9.0,-9.0,0.0,0.0
697b1d8aa224588b4611a55a,1.0,92420111MA4J2M1A08,92420111MA4J2M1A08,4.0,0.0,-8.0,-9.0,17.0,1.0,2025.0,9.0,10.0,口腔咨询师,4-14-02,2-05-07,,,,武汉,洪山区,"武汉市洪山区名士1号第1,2号住宅及S1商业1层3商号房、4商号房、2层1商号房",1.0,15000.0,16000.0,-9.0,-9.0,-9.0,-9.0,1.0,1. 工作态度认真，负责人，有上进心，沟通能力强,0.0,-8.0,-9,-8.0,-8.0,-8.0,-8.0,-8.0,-8.0,-8.0,-8.0,-8.0,-8.0,-8.0,-8.0,1. 工作态度认真，负责人，有上进心，沟通能力强,1.0,0.0,-9.0,0.0,-9.0,-9.0,0.0,0.0
697b1d94a224588b4611aede,1.0,宁波依诗恩电子商务有限公司,91330205MA283KMJ4H,4.0,0.0,-8.0,-9.0,8.0,-9.0,2025.0,9.0,10.0,配/理/拣/发货,4-02-06,,,,,武汉,黄陂区,武汉黄陂区普洛斯黄陂横天物流园B3栋,1.0,4000.0,5000.0,-9.0,-9.0,-9.0,-9.0,1.0,1. 服装仓库货物出入库、上下架管理，拣货之类的，电商平台,0.0,-8.0,-9,-8.0,-8.0,-8.0,-8.0,-8.0,-8.0,-8.0,-8.0,-8.0,-8.0,-8.0,-8.0,1. 有仓库经验，45岁以内；2. 做事主动、认真负责，能按时完成任务服从管理；3. 退伍军人或电商经验优先考虑,0.0,0.0,-9.0,1.0,-9.0,-9.0,0.0,0.0
697b1dbfa224588b4611d382,1.0,武汉仕耀科技有限公司,91420100MA4K2D1M51,4.0,0.0,-8.0,-9.0,7.0,-9.0,2025.0,9.0,10.0,电商设计师,4-08-08,2-09-06,,,,武汉,武昌区,武昌区公正路216号安顺月光广场16栋12层1室,1.0,7000.0,10000.0,-9.0,-9.0,-9.0,-9.0,1.0,1. 熟悉亚马逊等电商平台对图片的要求和规则；2. 负责公司家居、厨房、宠物等周边产品在Amazon亚马逊电商平台主图，附图的需求策划，构图，排版，精修，设计；3. 负责Amazon亚马逊店铺产品A+和品牌旗舰店版面的需求策划，排版，精修，设计；4. 负责商品图片与实物的色彩、构图、细节等方面的校对和美化、处理工作；5. 协助业务部门处理工作中遇到的产品图片问题；6. 完成上级交办的其他任务,5.0,-8.0,1+设计相关专业,0.0,0.0,0.0,0.0,0.0,0.0,0.0,0.0,0.0,0.0,0.0,1.0,1. 一年左右跨境电商设计经验，做过亚马逊产品的设计工作；2. 沟通良好，审美在线，有一定的艺术修养；3. 设计相关专业毕业,0.0,1.0,-9.0,1.0,-9.0,-9.0,0.0,0.0
697b1f2fa224588b4613805f,1.0,艾索信息股份有限公司,916101316838681312,6.0,0.0,-8.0,-9.0,3.0,-9.0,2025.0,9.0,10.0,FPGA高级工程师,2-02-09,,,,,西安,高新区,陕西省西安市高新区锦业二路103号艾索信息产业园A座,1.0,27000.0,35000.0,-9.0,-9.0,-9.0,-9.0,1.0,1. 负责fpga逻辑设计、仿真、调试、测试工作,7.0,0.0,1+电子、通讯类相关专业,0.0,0.0,0.0,0.0,0.0,0.0,0.0,1.0,0.0,0.0,0.0,0.0,1. 电子、通讯类相关专业，硕士学历，两年及以上fpga工作经验；2. 熟练使用Verilog/VHDL等硬件描述语言，能独立进行fpga逻辑设计、时序分析、仿真和调试；3. 熟练使用ALTERA/xilinx相关fpga设计开发工具；4. 具有高速收发器、DDR、PCle、视频等接口时序开发经验者优先；5. 具备扎实的数字电路理论基础，较强的英文阅读能力，良好的代码风格及文档编写习惯；6. 优秀应届生亦可,0.0,1.0,-9.0,0.0,-9.0,-9.0,0.0,0.0
697b1f3da224588b4613947d,1.0,南京乐之海文化艺术培训有限公司,913201040707087418,4.0,0.0,-8.0,-9.0,12.0,-9.0,2025.0,9.0,10.0,前台,4-01-02,3-01-02,,,,南京,秦淮区,南京市秦淮区太平南路2号701室,1.0,4000.0,7000.0,-9.0,-9.0,-9.0,-9.0,0.0,1. 负责前台接待；2. 负责课程讲解与咨询；3. 负责部分行政工作和考勤；4. 上班时间13点～21点（晚班为主）,5.0,-8.0,-9,-8.0,-8.0,-8.0,-8.0,-8.0,-8.0,-8.0,-8.0,-8.0,-8.0,-8.0,-8.0,1. 有艺术培训前台接待和课程讲解经验优先；2. 工作认真负责，热爱音乐、熟悉音乐行业优先；3. 形象佳、气质佳优先,0.0,0.0,-9.0,0.0,-9.0,40.0,0.0,0.0
697b1f53a224588b4613a1f6,1.0,江苏安鑫物流设备有限公司,9132010556724011XJ,4.0,0.0,-8.0,-9.0,13.0,1.0,2025.0,9.0,10.0,电气绘图工程师,2-02-11,,,,,南京,江宁区,南京市建邺区庐山路128号345室,1.0,7000.0,9000.0,-9.0,-9.0,-9.0,-9.0,0.0,1. 新产品开发电气控制方案；2. 项目电气系统设计（出图、元器件选型、技术文件编写）；3. 产品售后电气故障处理和技术支持,5.0,-8.0,-9,-8.0,-8.0,-8.0,-8.0,-8.0,-8.0,-8.0,-8.0,-8.0,-8.0,-8.0,-8.0,1. 熟悉低压元器件选型，精通CAD或EPLAN制图；2. 具有良好的沟通能力以及能够少量出差；3. 有自动化仓储物流相关行业的从业经验者可优先考虑,0.0,1.0,-9.0,0.0,-9.0,-9.0,0.0,0.0
697b1f8fa224588b4613db1a,1.0,上海云上教育培训有限公司,91310115320759489K,4.0,0.0,-8.0,-9.0,16.0,-9.0,2025.0,9.0,10.0,资深课程顾问,4-01-02,,,,,南京,浦口区,南京浦口区奇尔思青少年英语101-102,1.0,4000.0,9000.0,-9.0,-9.0,-9.0,-9.0,1.0,1. 跟进预约客户，在客户到访前与客户做电话确认；2. 接待至学校进行现场咨询的客户；3. 为客户解答与公司及课程相关的所有疑问；4. 通过沟通根据客户意愿为客户定制相应课程；5. 负责课程产品的报价及合同签署；6. 完成校长安排的其他事项，包括按时参加学校会议及公司安排的培训等,5.0,-8.0,-9,-8.0,-8.0,-8.0,-8.0,-8.0,-8.0,-8.0,-8.0,-8.0,-8.0,-8.0,-8.0,1. 大专及以上学历；2. 1年以上工作经验；3. 具备一定的英语基础，英语流利者优先；4. 乐于沟通，善于交流，性格开朗；5. 做5休2，周末上班，周中休息；6. 对待工作有责任心，具有快速学习能力；7. 具有团队合作精神；8. 具有培训及教育行业销售经验者优先,0.0,1.0,-9.0,0.0,5.0,-9.0,0.0,0.0
697b1fdaa224588b46141ef5,1.0,南京新创云科网络科技有限公司,91320106MA21L9UJ7B,4.0,0.0,-8.0,-9.0,7.0,1.0,2025.0,9.0,10.0,实施工程师,2-02-10,,,,,南京,鼓楼区,南京市鼓楼区水佑岗6号万谷硅巷R63105,1.0,5000.0,6000.0,-9.0,-9.0,-9.0,-9.0,1.0,1. 负责公司所在政府客户的技术支持与维护；2. 负责软件的技术服务支持工作；3. 负责江苏省财政一体化、资产云、财务云等推广项目的技术支持与维护,5.0,-8.0,1+会计、财政或管理信息系统、计算机软件等,0.0,1.0,0.0,0.0,0.0,0.0,0.0,1.0,0.0,0.0,1.0,0.0,"1. 会计、财政或管理信息系统、计算机软件等相关专业大学专科及以上学历；2. 有大型数据库（Oracle或SqlServer）、操作系统等相关软件的维护能力，对C,DELPHI,VB,JSP,ASP等编程语言有所了解；3. 有财务系统相关的运维经验优先；4. 具有良好的沟通、表达能力和团队协作精神；5. 具备强烈的责任心和服务意识，谦虚谨慎，勇于承担责任；6. 性格开朗，善于与人沟通",0.0,1.0,-9.0,0.0,-9.0,-9.0,0.0,0.0
697b1fe9a224588b461437e0,1.0,南京老白韩式餐饮有限公司,91320100567206085X,5.0,0.0,-8.0,-9.0,8.0,1.0,2025.0,9.0,10.0,洗碗工,4-03-02,,,,,南京,鼓楼区,南京市鼓楼区汉中路108号金轮大厦负二层,1.0,4000.0,6000.0,-9.0,-9.0,-9.0,-9.0,0.0,1. 韩国料理4.5K招聘烧炭勤杂工，身体健康，能吃苦耐劳,0.0,-8.0,-9,-8.0,-8.0,-8.0,-8.0,-8.0,-8.0,-8.0,-8.0,-8.0,-8.0,-8.0,-8.0,1. 身体健康，能吃苦耐劳,0.0,0.0,-9.0,0.0,6.0,-9.0,0.0,0.0
697b207fa224588b4614d6b1,1.0,南京墨廷文化传媒有限公司,91320111MA20LCLM1E,4.0,0.0,-8.0,-9.0,12.0,-9.0,2025.0,9.0,10.0,活动导师,2-08-99,,,,,南京,浦口区,南京市江北新区七里桥北路1号南京江北新区人力资源服务产业园一期17栋105216室,1.0,6000.0,8000.0,-9.0,-9.0,-9.0,-9.0,1.0,1. 负责活动的策划、设计、执行，编写教程；2. 根据业务需求、场地情况、设计、改进与研发活动、课程；3. 协助运营经理完成其他工作；4. 管理学生课堂秩序、安全,5.0,-8.0,-9,-8.0,-8.0,-8.0,-8.0,-8.0,-8.0,-8.0,-8.0,-8.0,-8.0,-8.0,-8.0,1. 有教育、自然教育户外运动、营地教育、心理学、家庭亲子等相关经验或专业资质者优先；2. 喜欢孩子、热爱教育事业；3. 善于沟通与人为善、有亲和力；4. 有责任心、有较强的学习能力和处理突发事情的能力；5. 参与过研学、营会活动、培训、组织过大型活动者优先；6. 会写教案,0.0,1.0,-9.0,0.0,-9.0,-9.0,0.0,0.0
697b2099a224588b4614f25d,1.0,南京南林电子科技有限公司,913201155759372163,4.0,0.0,-8.0,-9.0,7.0,-9.0,2025.0,9.0,10.0,售前|售后工程师,2-02-10,,,,,南京,江宁区,南京市江宁区东山街道上元大街395号恒通大厦608室,1.0,7000.0,10000.0,-9.0,-9.0,-9.0,-9.0,1.0,1. 具备研发产品的测试和分析问题能力；2. 具备新研发产品中试，应用跟踪，问题反馈能力；3. 熟悉弱电、通讯相关电气接口；4. 负责公司产品的生产、安装、调试等工作；5. 为客户提供演示、培训与现场测试服务；6. 负责企业应用产品在客户使用过程中的反馈；7. 协助生产组长完成必要类的应用工作；8. 能适应出差，服从领导工作安排,5.0,-8.0,1+电气自动化、机械自动化、信息工程,0.0,0.0,0.0,0.0,0.0,0.0,0.0,1.0,0.0,0.0,0.0,0.0,1. 大专及本科以上学历；电气自动化、机械自动化、信息工程相关专业；2. 良好的沟通表达能力以及团队协作精神,0.0,1.0,-9.0,0.0,-9.0,37.5,0.0,0.0
697b20aea224588b46150701,1.0,南京欧巴马科技有限公司,91320104682503317A,4.0,0.0,-8.0,-9.0,7.0,1.0,2025.0,9.0,10.0,内勤销售,4-01-02,,,,,南京,秦淮区,南京市秦淮区石鼓路107号,1.0,4000.0,9000.0,-9.0,-9.0,-9.0,-9.0,1.0,1. 负责公司原有老客户关系维护，保持良好关系，提供产品咨询、报价服务；2. 负责收集各地招标网的项目信息，收集学校用户及经销商信息，建立完整的用户、经销商档案；3. 负责收集、跟踪、维护客户反馈的商情、商机并促进成交；4. 负责接受客户订单、拟订合同，办理出货相关事宜,5.0,-8.0,-9,-8.0,-8.0,-8.0,-8.0,-8.0,-8.0,-8.0,-8.0,-8.0,-8.0,-8.0,-8.0,1. 大专以上学历，一年以上工作经验，有市场营销/销售经验优先；2. 有责任心，良好的沟通能力和表达能力，无需出差,0.0,1.0,-9.0,0.0,-9.0,-9.0,0.0,0.0
697b20c1a224588b461514f7,1.0,南京市允正中医门诊部有限公司,91320106MA1Q2E7X60,4.0,0.0,-8.0,-9.0,17.0,-9.0,2025.0,9.0,10.0,中医理疗师,4-10-04,2-05-07,,,,南京,鼓楼区,南京市鼓楼区汉中门大街48号三层,1.0,5000.0,8000.0,-9.0,-9.0,-9.0,-9.0,1.0,1. 熟练各种中医外治项目（艾灸、拔罐、刮痧、推拿等）操作；2. 根据医生要求完成治疗；3. 跟踪、反馈理疗效果,5.0,-8.0,-9,-8.0,-8.0,-8.0,-8.0,-8.0,-8.0,-8.0,-8.0,-8.0,-8.0,-8.0,-8.0,1. 熟练各种中医外治项目（艾灸、拔罐、刮痧、推拿等）操作；2. 根据医生要求完成治疗；3. 跟踪、反馈理疗效果；4. 具备相关专业技能证书；5. 年龄50岁以内优先；6. 没有相关证书手法好的也欢迎投递,1.0,1.0,-9.0,0.0,6.0,54.0,0.0,0.0
697b20c8a224588b46152299,1.0,新哲教育发展（深圳）有限公司,91440300MA5FF3LX3R,4.0,0.0,-8.0,-9.0,16.0,-9.0,2025.0,9.0,10.0,留学顾问,4-07-02,2-08-99,4-07-03,,,深圳,宝安区,深圳市宝安区石岩街道塘头社区第三工业区嘉信厂综合楼一层,1.0,15000.0,20000.0,-9.0,-9.0,-9.0,-9.0,1.0,1. 负责国际学校学生的留学服务签约，完成签约目标；2. 指导学生的留学申请，把控和跟踪学生留学申请各个环节；3. 根据学生的成绩和具体情况，量身定制符合学生条件的留学规划方案,6.0,0.0,-9,-8.0,-8.0,-8.0,-8.0,-8.0,-8.0,-8.0,-8.0,-8.0,-8.0,-8.0,-8.0,1. 本科以上学历，英语六级以上；2. 具有出国留学经验优先；有留学/教育咨询行业经验优先；2. 具备良好的沟通能力、销售意识和团队合作精神；3. 学习能力强，能迅速掌握与公司业务相关的各种知识；4. 有责任心、做事积极、严谨，执行力强；5. 熟悉美加英澳等各个国家的大学情况,0.0,1.0,-9.0,0.0,-9.0,-9.0,0.0,0.0
697b213ea224588b4615a1d6,1.0,深圳柏域斯浩航国际货运代理有限公司,91440300661046989N,5.0,0.0,-8.0,-9.0,6.0,-9.0,2025.0,9.0,10.0,海运单证,4-02-03,,,,,宁波,鄞州区,深圳市罗湖区人民南路深房广场24楼A座02室,1.0,4000.0,5000.0,-9.0,-9.0,-9.0,-9.0,1.0,"1. 协助操作的工作认真,仔细,团队协作",5.0,-8.0,-9,-8.0,-8.0,-8.0,-8.0,-8.0,-8.0,-8.0,-8.0,-8.0,-8.0,-8.0,-8.0,"1. 协助操作的工作认真,仔细,团队协作",0.0,0.0,-9.0,0.0,5.0,-9.0,0.0,0.0
697b2154a224588b4615b9d3,1.0,无锡裕基健康管理有限公司,91320213MA20ENM26U,4.0,0.0,-8.0,-9.0,12.0,1.0,2025.0,9.0,10.0,养生美导老师,4-10-03,4-07-03,,1.0,3.0,无锡,梁溪区,无锡市梁溪区广瑞路581701,1.0,8000.0,13000.0,-9.0,-9.0,-9.0,-9.0,1.0,1. 出差到美容院，给美容师培训专业、服务客户、产品销售，协助店家做业绩,0.0,0.0,-9,-8.0,-8.0,-8.0,-8.0,-8.0,-8.0,-8.0,-8.0,-8.0,-8.0,-8.0,-8.0,1. 有一年及以上美导老师经验者优先，做过美容纤体、养生品项都可以；2. 能够适应出差制度；3. 具备一定的销售能力；4. 有一定的身体手法经验,0.0,1.0,-9.0,0.0,-9.0,-9.0,0.0,0.0
697b215ca224588b4615c242,1.0,91210211MA0QD6PT48,91210211MA0QD6PT48,4.0,0.0,-8.0,-9.0,16.0,-9.0,2025.0,9.0,10.0,英语助教老师,2-08-99,,,,,大连,甘井子区,辽宁省大连市甘井子区佳林北园1号4单元6层9、10、11号,1.0,3000.0,5000.0,-9.0,-9.0,-9.0,-9.0,0.0,1. 负责做好课前教具教学辅助材料等准备工作，课堂中辅外教管理课堂纪律，管理好学生安全；检查作业，课后对学生的学习情况做好跟踪服务，督促作业完成度，检查在线作业与家长沟通等；2. 领导交代的其他事务性工作，制作小视频等；3. 有志成为英语老师者,6.0,0.0,1+英语,0.0,0.0,0.0,0.0,1.0,0.0,0.0,0.0,0.0,0.0,0.0,0.0,1. 英语专业大专及以上学历；2. 工作要求务必真心喜欢孩子，有强烈的责任心和义务感，肯吃苦耐劳；有上进心有钻研精神,0.0,0.0,-9.0,0.0,5.0,40.0,0.0,0.0
697b2163a224588b4615d50f,1.0,山东铭智达自动化科技有限公司,91370100MA3P3YK95F,4.0,0.0,-8.0,-9.0,3.0,-9.0,2025.0,9.0,10.0,PLC电气工程师,2-02-11,,,,,济南,历下区,山东省济南市历下区世纪大道13788号5楼505室,1.0,7000.0,12000.0,-9.0,-9.0,-9.0,-9.0,1.0,1. 负责公司产品的电气设计、调试等工作；2. 负责电气件选型及原理图、接线图、布局图绘制、PLC编程；3. 完成上级领导交办的其他工作,5.0,-8.0,1+自动化,0.0,0.0,0.0,0.0,0.0,0.0,0.0,1.0,0.0,0.0,0.0,0.0,1. 专科及以上学历，电气、自动化等相关专业；2. 有自动化设计、PLC编程、系统集成、编程调试等经验；3. 熟悉西门子、欧姆龙、三菱等PLC应用；4. 具有较强的责任心，善于沟通,0.0,2.0,-9.0,0.0,-9.0,-9.0,0.0,0.0
697b21aba224588b46162372,1.0,杭州驰宏科技有限公司,913301105714634550,4.0,0.0,-8.0,-9.0,3.0,1.0,2025.0,9.0,10.0,CAD绘图员,2-02-07,,,,,杭州,临平区,浙江省杭州市临平区临平街道临平大道799号2幢1楼,1.0,5000.0,7000.0,-9.0,-9.0,-9.0,-9.0,1.0,1. 负责产品装配图及外形图的设计；2. 对产品的设计图纸进行解释及提供技术指导；3. 协助对产品的工艺图纸进行审核，并协助完善产品工艺图；4. 按照现有的技术规范完成机械产品的图纸标准化工作；5. 参与结构设计的评审、更改、确认；6. 完成领导临时交办的其他工作,5.0,-8.0,1+机械,0.0,0.0,0.0,0.0,0.0,0.0,0.0,1.0,0.0,0.0,0.0,0.0,1. 机械相关专业并有2年结构设计工作经验；2. 能熟练运用CAD或CAXA制图软件、熟悉1种三维软件；3. 能适应加班、能适应短期出差；3. 能单独与客户沟通解决并满足客户需求，设计对应的方案图纸,0.0,1.0,1.0,0.0,-9.0,-9.0,0.0,0.0
697b2216a224588b4616986f,1.0,武汉富融汽车销售服务有限公司,91420111565575135D,4.0,0.0,-8.0,-9.0,8.0,-9.0,2025.0,9.0,10.0,汽车机修工,6-31-01,4-12-01,,,,武汉,洪山区,武汉市洪山区马湖村（野芷湖西路特5号）,1.0,5000.0,7000.0,-9.0,-9.0,-9.0,-9.0,1.0,1. 能独立完成车辆维修保养；2. 能熟练掌握汽车各部件维修及故障判断；3. 有丰富的汽车维修经验；4. 能熟练驾驶车辆，有高端汽车维修经验,3.0,-8.0,-9,-8.0,-8.0,-8.0,-8.0,-8.0,-8.0,-8.0,-8.0,-8.0,-8.0,-8.0,-8.0,1. 能独立完成车辆维修保养；2. 能熟练掌握汽车各部件维修及故障判断；3. 有丰富的汽车维修经验；4. 能熟练驾驶车辆，有高端汽车维修经验,0.0,2.0,-9.0,0.0,6.0,-9.0,0.0,0.0
697b2266a224588b4616f450,1.0,91110108596084056A,91110108596084056A,4.0,0.0,-8.0,-9.0,7.0,3.0,2025.0,9.0,10.0,QNX/LINUX/RTOS系统和驱动专家,2-02-10,2-02-07,,,,上海,浦东新区,北京市海淀区西二旗中路33号院6号楼8层018号,1.0,45000.0,75000.0,-9.0,-9.0,-9.0,-9.0,1.0,1. 负责汽车端座舱核心模块驱动系统设计及研发，包含系统启动，低功耗，内核优化，升级备份；2. 带领团队进行Hypervisor系统配置和虚拟化驱动开发；3. 分析定位QNX/LINUX/RTOS/Hypervisor相关系统软硬件问题,6.0,0.0,-9,-8.0,-8.0,-8.0,-8.0,-8.0,-8.0,-8.0,-8.0,-8.0,-8.0,-8.0,-8.0,1. 本科以上，有多年QNX/Linux/RTOS嵌入式工作经验；2. 熟悉QNX/Linux/RTOS内核驱动编程，QNX/Linux/RTOS内核架构，具有QNX/Linux/RTOS移植和BSP开发经验；3. 具有良好的英文读写沟通能力，独立阅读芯片手册，接口等英语文档；4. 有智能座舱和多媒体开发经验优先；5. 有hypervisor虚拟化开发经验优先,0.0,0.0,-9.0,0.0,-9.0,-9.0,0.0,0.0
697b2287a224588b4617182c,1.0,-9,-9,-9.0,0.0,-8.0,-9.0,-9.0,-9.0,2025.0,9.0,10.0,律师助理,2-07-04,,,,,上海,静安区,-9,1.0,8000.0,13000.0,-9.0,-9.0,-9.0,-9.0,1.0,1. 协办团队合伙人交办的所有案件和各类事务，主要包括：协办诉讼、执行案件；完成各类尽职调查报告；推介、居间不良资产交易；接洽、维护客户；担任破产管理人成员从事破产案件办理工作，破产管理人业务的其他相关辅助性工作；2. 接受在外地破产项目中的驻派安排（非长期固定）,6.0,-8.0,1+法,0.0,0.0,1.0,0.0,0.0,0.0,0.0,0.0,0.0,0.0,0.0,0.0,1. 法学本科以上学历，通过法律职业资格考试，有良好的文书撰写能力，办公软件运用能力以及积极的工作态度和学习能力；25届应届毕业生长期实习可投，承诺到期留用,1.0,0.0,-9.0,0.0,-9.0,-9.0,0.0,0.0
697b22daa224588b46176afb,1.0,广东特视能智能科技有限公司,91440300555439391G,4.0,0.0,-8.0,-9.0,7.0,-9.0,2025.0,9.0,10.0,人力资源经理,2-06-08,,,,,广州,天河区,广州市南沙区南沙街九王庙村永兴街30号101房（仅限办公）,1.0,15000.0,30000.0,-9.0,-9.0,-9.0,-9.0,1.0,1. 根据公司战略规划，统筹人力资源部全面工作，打造企业文化、倡导核心价值观并深入到工作中；2. 负责公司组织架构的梳理并持续更新，明确各岗位职责，优化内部管理机制，使公司高效运转；3. 完善招聘机制、开拓招聘渠道，梳理招聘流程，通过专业工具完成对候选人的初步评定，为公司招募并储备优秀人才；4. 完善公司绩效考核体系，明确各岗位考核指标，评估员工贡献与产出，合理激励人才与优化人才；5. 建立与完善培训机制，制定年度培训计划并落地执行，组织员工的入职培训、专业培训和综合培训等；6. 定期组织人才盘点，关注员工动态，对员工的能力、态度、可发展性进行评估，做到人岗匹配，人尽其才；7. 负责辅导和制定员工的职业生涯规划，把控员工在公司内部的入转调离整个进程；8. 公司薪酬体系管理，根据行业与市场的变化进行合理调整，以及员工关系处理,7.0,0.0,-9,-8.0,-8.0,-8.0,-8.0,-8.0,-8.0,-8.0,-8.0,-8.0,-8.0,-8.0,-8.0,1. 自我驱动力，有担当，事业心强。有海外留学或者工作经验优先。(仅接受第一学历必须是全日制本科),0.0,3.0,-9.0,0.0,-9.0,-9.0,0.0,0.0
697b22e9a224588b46178414,1.0,青岛博益特生物材料股份有限公司,91370200783723562H,4.0,0.0,-8.0,-9.0,3.0,1.0,2025.0,9.0,10.0,医疗器械生产专员,6-12-99,6-21-06,,,,青岛,崂山区,山东省青岛市崂山区圣水路10号,1.0,3000.0,6000.0,-9.0,-9.0,-9.0,-9.0,1.0,1. 在生产过程中及时填写生产记录，领取物料对物料进行核对，按时完成生产任务，不延误上、下工序的生产进程，现场清洁工作、设备保养；2. 保证本岗位产品质量符合质量要求；3. 严格按照本岗位相关GMP文件进行生产，严禁违规操作；4. 完成上级领导临时交办的其他工作任务,5.0,-8.0,1+药学、机电、化工,0.0,0.0,0.0,0.0,0.0,0.0,0.0,1.0,0.0,1.0,0.0,0.0,1. 大专学历，药学、机电、化工及相关专业；2. 尊从博益特的核心价值观，行为准则；3. 能够迅速融入企业文化或环境；4. 有医疗器械、药品生产一线操作经验者优先考虑；5. 品行良好，有合作精神，能吃苦耐劳，服从工作安排；6. 工作细心、责任心强，具有团队精神，具备工作作稳定性,0.0,0.0,-9.0,0.0,-9.0,-9.0,0.0,0.0
697b2320a224588b4617c83e,1.0,重庆鼎梦建筑装饰设计工程有限公司,91500108MA60M4FA6P,4.0,0.0,-8.0,-9.0,5.0,1.0,2025.0,9.0,10.0,室内设计师助理,4-08-08,,,,,重庆,渝中区,重庆市南岸区亚太路9号6幢182号,1.0,1000.0,6000.0,-9.0,-9.0,-9.0,-9.0,0.0,1. 接待业主，并充分了解其需求，根据客户的要求认真完成设计方案,5.0,-8.0,-9,-8.0,-8.0,-8.0,-8.0,-8.0,-8.0,-8.0,-8.0,-8.0,-8.0,-8.0,-8.0,1. 接待业主，并充分了解其需求，根据客户的要求认真完成设计方案,0.0,1.0,3.0,0.0,-9.0,-9.0,0.0,0.0
697b2333a224588b4617d520,1.0,长沙美哒网络科技有限公司,91430105MA4PRDC65Q,4.0,0.0,-8.0,-9.0,18.0,-9.0,2025.0,9.0,10.0,美妆博主,4-01-06,4-13-01,,,,长沙,开福区,湖南省长沙市开福区月湖街道鸭子铺路1号158房4室,1.0,8000.0,13000.0,-9.0,-9.0,-9.0,-9.0,1.0,1. 参与拍摄公司定位的美妆、测评、种草类短视频；2. 根据平台定位与发展目标，执行优质达人/KOL/网红运营策略,5.0,-8.0,-9,-8.0,-8.0,-8.0,-8.0,-8.0,-8.0,-8.0,-8.0,-8.0,-8.0,-8.0,-8.0,1. 无经纪约在身！热爱时尚，熟悉抖音、小红书等新媒体；2. 有较强的网感和一定的策划能力，善于捕捉时尚热点；3. 熟悉化妆品、美妆，擅长画各种妆面，有化妆师资格证优先；4. 镜头表现力强，形象出众，个人长相特色鲜明，上镜经验丰富；5. 工作热情、积极，能承受较大的工作压力，爱学习，爱生活，积极进取有正能量,1.0,0.0,-9.0,1.0,5.0,37.5,0.0,0.0
697b2340a224588b4617dece,1.0,湖南进芯电子科技有限公司,91430100055825130A,6.0,0.0,-8.0,-9.0,13.0,2.0,2025.0,9.0,10.0,首件测试工程师,2-02-09,2-02-29,,,,长沙,岳麓区,长沙高新开发区东方红街道东方红北路601号湖南媒体艺术产业园A5栋,1.0,7000.0,12000.0,-9.0,-9.0,-9.0,-9.0,1.0,1. 负责制定首件样品测试实施方案；2. 负责测试板硬件原理图设计及PCB绘制；3. 负责首件测试程序编写；4. 负责首件产品电特性，功能及性能测试；5. 负责首件测试数据统计分析，测试报告编写,6.0,0.0,-9,-8.0,-8.0,-8.0,-8.0,-8.0,-8.0,-8.0,-8.0,-8.0,-8.0,-8.0,-8.0,1. 熟练掌握DSP或MCU功能及电特性；2. 熟练掌握C编程或汇编编程；3. 熟悉示波器，信号源，高低温箱等测试设备使用,0.0,0.0,-9.0,0.0,-9.0,-9.0,0.0,0.0
697b23b7a224588b46186d1b,1.0,湖北顶信云廷商贸有限公司,91420104MABRTCPB1E,4.0,0.0,-8.0,-9.0,12.0,1.0,2025.0,9.0,10.0,金融客户经理,4-05-01,2-06-11,,,,武汉,江岸区,湖北省武汉市江岸区京汉大道1268号汇金广场办公写字楼/栋/单元19层（1）办室1906室2,1.0,8000.0,12000.0,-9.0,-9.0,-9.0,-9.0,1.0,1. 朝九晚六，周末双休午休两小时，底薪4K，提成面谈,5.0,-8.0,-9,-8.0,-8.0,-8.0,-8.0,-8.0,-8.0,-8.0,-8.0,-8.0,-8.0,-8.0,-8.0,1. 朝九晚六，周末双休午休两小时底薪4K 提成面谈期待你的加入,0.0,0.0,-9.0,0.0,5.0,35.0,0.0,0.0
697b23faa224588b4618b933,1.0,普蕊斯(上海)医药科技开发股份有限公司,913100000625748002,4.0,1.0,301257.0,-9.0,13.0,3.0,2025.0,9.0,10.0,临床协调员,2-05-07,4-14-01,,,,长沙,开福区,上海市黄浦区思南路105号1号楼108室,1.0,4000.0,7000.0,-9.0,-9.0,-9.0,-9.0,1.0,1. 协助临床医生进行国际多中心临床试验的非科学判断，以符合GCP和协议的要求；2. 协助进行受试者的筛选、登记和随访；3. 协助收集、归档和管理学习资料；4. 将临床资料数据输入临床试验系统(英文操作系统),5.0,-8.0,1+医学、护理或相关专业,0.0,0.0,0.0,0.0,0.0,0.0,0.0,0.0,0.0,1.0,0.0,0.0,1. 专科或以上医学、护理或相关专业，涉外护理专业优先;2. 至少1年的CRC经验或临床工作经验;有临床试验经验者优先;3. 英语四级或以上，英语听、说、读、写能力良好;4. 能够独立工作，具有团队精神;5. 能在压力下和自我调节工作;6. 积极的工作态度，良好的沟通能力和应变能力，较强的自学能力,0.0,1.0,-9.0,0.0,-9.0,-9.0,0.0,0.0
697b249ca224588b46198088,1.0,天津市汇盛创世科技发展有限公司,9112010255038503XE,4.0,0.0,-8.0,-8.0,7.0,-9.0,2025.0,9.0,10.0,ERP技术支持,2-02-10,4-04-05,,,,天津,河东区,天津市河东区大王庄七纬路65号（利中大楼一号楼711716）,1.0,4000.0,8000.0,-9.0,-9.0,-9.0,-9.0,1.0,1. 了解ERP相关知识；2. 熟悉sql、oracle数据库；3. 负责金蝶软件维护工作；4. 针对客户问题，做出分析，迅速给出解决方案；5. 保持客户系统的正常运行，及时解决使用中的故障；6. 协助服务问顾，担当其他相关工作任务,6.0,0.0,-9,-8.0,-8.0,-8.0,-8.0,-8.0,-8.0,-8.0,-8.0,-8.0,-8.0,-8.0,-8.0,1. 了解ERP相关知识；2. 熟悉sql、oracle数据库；3. 负责金蝶软件维护工作；4. 针对客户问题，做出分析，迅速给出解决方案；5. 保持客户系统的正常运行，及时解决使用中的故障；6. 协助服务问顾，担当其他相关工作任务,0.0,0.0,-9.0,0.0,-9.0,-9.0,0.0,0.0
697b2526a224588b461a2290,1.0,深圳市臻呈科技有限公司,91440300MA5FJ2W7X1,4.0,0.0,-8.0,-8.0,3.0,-9.0,2025.0,9.0,10.0,外贸业务员,4-01-02,2-06-07,,,,深圳,龙岗区,"深圳市龙岗区坂田街道新雪社区吉华路上雪科技城一路二号C栋厂房301,上雪科技城一路二号B栋101,上雪科技城一路二号B栋301",1.0,10000.0,13000.0,-9.0,-9.0,-9.0,-9.0,1.0,1. 开发和维护国外客户；2. 熟悉公司产品和市场，维护客户关系，整理目标客户资料；3. 跟踪客户产品使用情况，并针对老客户进行二次开发；4. 协助客户处理售后，提供优质售后服务,6.0,0.0,1+英语、国际贸易、市场营销,0.0,1.0,0.0,0.0,1.0,0.0,0.0,0.0,0.0,0.0,1.0,0.0,1. 本科及以上学历，英语CET6（硬性要求）及以上；英语、国际贸易、市场营销专业优先；2. 1年以上外贸业务工作经验，有参展经验及客户开发经验，能接受出差；3. 良好的服务意识、工作积极主动 ，思维、表达、沟通能力强，内驱力强,0.0,1.0,-9.0,0.0,5.5,52.25,0.0,0.0
697b255ea224588b461a5c93,1.0,江苏艾迪讯科技文化有限公司,91320214564343017L,5.0,0.0,-8.0,-8.0,3.0,2.0,2025.0,9.0,10.0,活动策划专员,4-13-01,,,,,无锡,新吴区,无锡市新吴区菱湖大道228号天安智慧城2605、2606,1.0,4000.0,5000.0,-9.0,-9.0,-9.0,-9.0,1.0,1. 图书馆“阅美四季”四场大型活动方案策划及执行；2. 馆内馆外品牌活动、常规活动策划和执行；3. 政府部门相关活动台账的文案和归档工作；4. 公司交办的其他事项,5.0,-8.0,-9,-8.0,-8.0,-8.0,-8.0,-8.0,-8.0,-8.0,-8.0,-8.0,-8.0,-8.0,-8.0,1. 大专及以上学历，1年及以上的相关工作经验；2. 具有大型文化活动工作经验者优先；3. 有一定的文案策划能力、提案制作和陈述能力；4. 执行中能较好的调动团队积极合作性，并制作具体的执行方案，细化工作流程，严格按照时间节点和质量完成工作,0.0,1.0,-9.0,0.0,-9.0,-9.0,0.0,0.0
697b25c9a224588b461ad528,1.0,卫宁健康科技集团股份有限公司,91310000759874061E,4.0,1.0,300253.0,-9.0,7.0,3.0,2025.0,9.0,10.0,实施工程师,2-02-30,,,,,青岛,胶州市,上海市浦东新区东育路255弄4号3楼B29,1.0,8000.0,13000.0,-9.0,-9.0,-9.0,-9.0,1.0,1. 按照项目要求，制定项目实施计划及项目里程碑的工作分解；2. 负责项目的进度、质量及变更管理，对项目目标、客户满意度负责；3. 实施过程中，内、外部的沟通协调及管理，项目团队的工作指导及安排；4. 熟悉LIS、RIS、PACS医疗软件产品的实施过程及管理者优先；5. 能承受一定的工作压力，学习能力强，能适应出差；出差范围山东区域；6. 熟练掌握各种数据库,6.0,0.0,-9,-8.0,-8.0,-8.0,-8.0,-8.0,-8.0,-8.0,-8.0,-8.0,-8.0,-8.0,-8.0,1. 按照项目要求，制定项目实施计划及项目里程碑的工作分解；2. 负责项目的进度、质量及变更管理，对项目目标、客户满意度负责；3. 实施过程中，内、外部的沟通协调及管理，项目团队的工作指导及安排；4. 熟悉LIS、RIS、PACS医疗软件产品的实施过程及管理者优先；5. 具备较强的表达、沟通、协调、组织能力，具有很强执行力、团队意识，积极主动完成各项工作；6. 能承受一定的工作压力，学习能力强，能适应出差；出差范围山东区域；7. 熟练掌握各种数据库；8. 本科学历，工信部项目管理师资质或其它相关资质证书者优先或者医疗软件行业优先,1.0,2.0,-9.0,0.0,-9.0,-9.0,0.0,0.0
697b263da224588b461b5696,1.0,上海元绪教育科技有限公司,91310112057697056J,4.0,0.0,-8.0,-8.0,13.0,1.0,2025.0,9.0,10.0,小学数学老师,2-08-99,,,,,上海,闵行区,上海市闵行区浦锦路309弄6号257室,1.0,12000.0,24000.0,-9.0,-9.0,-9.0,-9.0,1.0,1. 为学员提供专业的高质量教学服务；2. 帮助学员提高学习兴趣，养成好的学习方法及习惯；3. 为学生查缺补漏，帮助学员尽快提高成绩；4. 参加学科教研活动，提高教研水平，为公司提供高质量的教学资源/教案,6.0,1.0,1+相关专业,0.0,0.0,0.0,1.0,0.0,0.0,1.0,0.0,0.0,0.0,0.0,-8.0,1. 学历：本科及以上学历，相关专业毕业，有教师资格证优先；2. 经验：无需教学经验，只要您热爱教育；3. 能力：有很强的表达能力，学习能力；4. 素养：对学生认真负责；5. 其他要求：能适应周六日工作。抗压能力强，有强烈上进心和创业心态者优先考虑,1.0,0.0,-9.0,0.0,5.0,-9.0,0.0,0.0
697b266ba224588b461b92c2,1.0,广州数说故事信息科技有限公司,914401013314065319,5.0,0.0,-8.0,-8.0,7.0,3.0,2025.0,9.0,10.0,销售总监,2-06-07,4-01-02,,,,广州,天河区,广州市天河区黄埔大道西120号1501室（仅限办公）,1.0,30000.0,45000.0,-9.0,-9.0,-9.0,-9.0,1.0,1. 根据公司发展目标制订年度销售计划，并分解制定季度、月度销售策略；2. 以目标为导向，根据销售策略领导下属贯彻执行，完成任务；3. 建立健全销售团队的管理体系及工作流程并有效执行；4. 完成个人及团队销售业绩，熟悉大数据资源，并将自大数据价值及优势传达给客户；5. 与直接客户建立沟通/合作关系，具备打通直接客户的市场、品牌、媒介人员沟通管道的能力，并有效建立与客户有效合作；6. 负责销售团队的考核与管理工作,6.0,0.0,1+市场营销、传播、广告,0.0,0.0,0.0,0.0,1.0,0.0,0.0,0.0,0.0,0.0,1.0,0.0,1. 本科及以上学历，市场营销、传播、广告等相关专业；2. 具有5年以上互联网或数据相关行业销售工作经验，有独立开发大客户的成熟经验，3年以上的销售团队管理经验，具有本行业销售者经验优先；3. 具有较强商业sense及商业/市场洞察能力，人际关系敏锐度高，能够快速捕捉到目标客户，并达成合作；4. 具有较强的人际沟通影响力，主导商务谈判，能够与客户保持较持久、良好、深入的合作关系；5. 具有完成销售目标的绝对执行力、抗压能力较强，能够进行有效的自我调节；6. 责任心强，具有优秀的道德人品，相对稳定的工作履历，有事业野心,0.0,3.0,-9.0,0.0,-9.0,-9.0,0.0,0.0
697b266ba224588b461b945e,1.0,广州杰森动漫文化有限公司,91440101MA5D2XK81E,5.0,0.0,-8.0,-8.0,8.0,-9.0,2025.0,9.0,10.0,产品专员,2-06-07,4-01-02,,,,广州,越秀区,广州市越秀区中山五路33号4层（不可作厂房使用）,1.0,5000.0,7000.0,-9.0,-9.0,-9.0,-9.0,1.0,1. 协助产品经理进行产品调研，包含但不限于消费者、市场、竞品分析等，完成产品概念、定位和立项工作；2. 协助产品经理跟进对接产品设计、开发、生产、推广等工作；3. 协助制定产品线的营销方案并跟进执行；4. 负责营销资料的整理和输出；5. 完成上级交办的其他工作任务,5.0,-8.0,0,-8.0,-8.0,-8.0,-8.0,-8.0,-8.0,-8.0,-8.0,-8.0,-8.0,-8.0,-8.0,1. 大专及以上学历，专业不限，有一年及以上实体产品经验优先；2. 工作积极主动，抗压能力及独立思考能力；3. 较强沟通能力，市场敏锐度和产品触觉；4. 对女性向/国漫IP熟悉喜爱优先,0.0,1.0,-9.0,0.0,5.0,45.0,0.0,0.0
697b26ada224588b461bd77f,1.0,苏州简单有为科技有限公司,91320509MA251M1N5K,5.0,0.0,-8.0,-8.0,8.0,-9.0,2025.0,9.0,10.0,店铺运营主管,4-01-06,,,,,苏州,吴江区,苏州市吴江区东太湖生态旅游度假区（太湖新城）东太湖大道11666号开平商务中心B幢1518室,1.0,12000.0,24000.0,-9.0,-9.0,-9.0,-9.0,1.0,1. 负责收集市场动向，挖掘行业趋势，针对性店铺（卖场型旗舰店）把控和行动部署；2. 负责安排店铺工作，组织店铺员工建设（2-4人），带领团队完成业绩，并对其负责；3. 负责该店铺运营板块项目总策划、对各个模块美工、推广（季度、月度预算的制定和过程把控）、客服人员进行评估监控及纠偏；4. 完成当月指标,5.0,-8.0,-9,-8.0,-8.0,-8.0,-8.0,-8.0,-8.0,-8.0,-8.0,-8.0,-8.0,-8.0,-8.0,1. 大专及以上学历，熟悉家用电器品类优先；2. 有京东自营或POP电商运营经验，熟悉平台运营规则；3. 能独立负责店铺运营管理；4. 具有良好的沟通、协调、推进能力，学习能力强,0.0,2.0,-9.0,1.0,-9.0,-9.0,0.0,0.0
697b26baa224588b461be7f6,1.0,张家港市虎翼车业服务有限公司,91320582736522063P,4.0,0.0,-8.0,-8.0,8.0,-9.0,2025.0,9.0,10.0,销售内勤,4-01-02,4-02-06,,,,苏州,张家港市,张家港市杨舍镇塘市金塘东路103号,1.0,5000.0,6000.0,-9.0,-9.0,-9.0,-9.0,1.0,1. 负责协助销售代表完成销售订单，并做发货跟单、开单、结算工作；2. 跟踪物流到货信息；3. 做好产品售后服务,6.0,0.0,-9,-8.0,-8.0,-8.0,-8.0,-8.0,-8.0,-8.0,-8.0,-8.0,-8.0,-8.0,-8.0,1. 较好的沟通交流能力，做事耐心细致，亲和力强；2. 能熟练操作ERP、办公系统软件（word\excel等）,0.0,1.0,-9.0,0.0,-9.0,-9.0,0.0,0.0
697b26bda224588b461bef12,1.0,苏州百协堂鞋业贸易有限公司,91320581302106863D,4.0,0.0,-8.0,-8.0,8.0,-9.0,2025.0,9.0,10.0,零售培训师,4-07-03,2-06-08,,,,苏州,相城区,常熟市莫干路11号金天地A50幢三楼,1.0,8000.0,10000.0,-9.0,-9.0,-9.0,-9.0,1.0,1. 组织跟进终端零售培训计划的实施，建立及维护员工培训档案，跟进培训后效果反馈；2. 建立终端新零售培训流程，落实培训成果；3. 负责新会员的管理、维护、开发与推广；4. 负责组织各种培训，并做好前期准备（时间、场地、物料、设备、人员、教材等）；5. 领导安排的其他工作,5.0,-8.0,-9,-8.0,-8.0,-8.0,-8.0,-8.0,-8.0,-8.0,-8.0,-8.0,-8.0,-8.0,-8.0,1. 专科及以上学历，热爱培训工作，熟悉人力资源、企业运营、工商管理等专业知识；2. 良好的沟通协调能力，较强的亲和力，感染力；3. 有一定的课程开发能力、演讲能力；4. 大方大气，有较强的知识融会贯通的能力,0.0,2.0,-9.0,0.0,-9.0,-9.0,0.0,0.0
697b26c1a224588b461bf2d8,1.0,昆山吉沐瑞机械有限公司,91320583MA1WBB8U4W,4.0,0.0,-8.0,-8.0,3.0,1.0,2025.0,9.0,10.0,自动化设计工程师,2-02-07,,,,,苏州,昆山市,昆山市玉山镇北门路3888号昆山国际模具城模具制造区28号楼6室,1.0,14000.0,28000.0,-9.0,-9.0,-9.0,-9.0,1.0,1. 依需求进行自动化设备方案设计；2. 独立完成机械机构设计及标准件选型；3. 2D工程图绘制及BOM表制作,0.0,-8.0,-9,-8.0,-8.0,-8.0,-8.0,-8.0,-8.0,-8.0,-8.0,-8.0,-8.0,-8.0,-8.0,1. 3年及以上相关设计工作经历；2. 熟悉加工工艺及装配的生产工艺及流程；3. 了解电器控制及掌握机械传动、气动等相关知识，与软件工程师配合完成设备设计,0.0,2.0,-9.0,0.0,6.0,-9.0,0.0,0.0
697b277da224588b461cabce,1.0,-9,-9,-9.0,0.0,-8.0,-8.0,-9.0,-9.0,2025.0,9.0,10.0,英文销售助理，商务助理，秘书，贸易跟单,4-01-02,2-06-07,3-01-02,,,深圳,福田区,-9,1.0,6000.0,11000.0,-9.0,-9.0,-9.0,-9.0,1.0,1. 客户开发与维护：利用网络平台（如LinkedIn、Google等）、邮件、电话等方式开发新客户，维护现有客户关系，推动订单成交；独立开发全球客户资源，尤其是头部终端客户；与国际大型客户保持长期合作，确保每月稳定的业务增长；2. 订单管理与跟进：负责从询盘到订单交付的全流程，包括报价、合同签订、生产跟进、物流安排等；与客户保持高效沟通，及时解决订单过程中的问题；3. 市场分析与洞察：分析全球市场趋势，洞察客户需求，制定针对性的销售策略；利用数据分析工具优化客户开发流程，提升销售转化率；4. 跨部门协作：与供应链、物流等部门紧密合作，确保客户需求得到快速响应；参与产品设计与开发，提供市场反馈，推动产品优化；5. 销售目标达成：完成公司制定的销售目标，努力冲刺高业绩；持续提升个人销售能力,5.0,-8.0,1+国际贸易、商务英语、电子工程,0.0,1.0,0.0,0.0,1.0,0.0,0.0,1.0,0.0,0.0,0.0,0.0,1. 大专及以上学历，国际贸易、商务英语、电子工程等相关专业优先；2. 2年以上外贸业务经验，有电子元器件、半导体、芯片等行业经验者优先；自带客户资源者优先考虑；3. 英语专六及以上水平，能够熟练使用英语与客户进行书面及口头沟通；口语流利者优先；4. 熟悉外贸业务流程，具备独立开发客户的能力；熟练使用办公软件（如Excel、PPT）及外贸工具（如LinkedIn、Google等）；具备数据分析能力，能够通过数据优化销售策略；5. 执行力：能够高效完成工作任务，确保结果导向；学习力：愿意接受新知识，快速掌握行业动态与销售技巧；生产力：能够持续输出高业绩，为公司创造价值；洞察力：敏锐的市场洞察力，能够抓住客户需求与市场机会；决策力：能够在复杂情况下做出正确决策，推动业务发展；6. 认同公司价值观：高能量、高业绩、高回报；具备奋斗者精神，愿意长期艰苦奋斗，努力成为行业顶尖人才；拥有感恩心，做事有交代、有回应，做问题的终结者,0.0,1.0,1.0,0.0,5.0,40.0,0.0,0.0
697b2799a224588b461ccaea,1.0,嘉文(深圳)文化科技有限公司,91440300MA5FBA4C0P,4.0,0.0,-8.0,-8.0,12.0,1.0,2025.0,9.0,10.0,活动策划,2-06-07,,,,,深圳,南山区,深圳市福田区福田街道岗厦社区彩田路3069号星河世纪A栋917J6,1.0,8000.0,12000.0,-9.0,-9.0,-9.0,-9.0,1.0,1. 根据品牌项目要求，完成各类创意品牌活动的策划、提案、报价、筹备、执行、结案等全流程活动；2. 具有文案策划能力及方案标书能力，并且过往案例有较多的投标成功的大标经验；3. 能管理至少六人以上的团队完成项目管控，过程中顺利推进并对结果负责把控品质，并且拥有良好的客户沟通能力,5.0,-8.0,-9,-8.0,-8.0,-8.0,-8.0,-8.0,-8.0,-8.0,-8.0,-8.0,-8.0,-8.0,-8.0,1. 大专以上学历，五年以上以上行业品牌策划经验；2. 具有品牌全年活动的组织、协调、执行能力及良好的统筹安排能力；3. 具有强力的文案撰写能力，熟练掌握word、excel、ppt等办公软件；4. 具有投标技术方案能力和经验优先考虑,0.0,3.0,-9.0,0.0,5.0,47.5,0.0,0.0
697b27d8a224588b461d11f9,1.0,上海德善健康咨询有限公司,913101120576365442,4.0,0.0,-8.0,-8.0,8.0,-9.0,2025.0,9.0,10.0,销售岗位,4-01-02,,,,,上海,宝山区,上海市宝山区蕰川路489号7幢1层1010室,1.0,10000.0,14000.0,-9.0,-9.0,-9.0,-9.0,1.0,1. 通过公司CRM系统与精准客户进行有效沟通，了解客户需求并推荐产品促进成交；2. 电话联络，挖掘意向客户，帮助客户搭配适合客户的产品方案；3. 解决客户问题，受理客户需求，让客户感受到专业的顾问服务，从而为长期回购做好铺垫准备,4.0,-8.0,-9,-8.0,-8.0,-8.0,-8.0,-8.0,-8.0,-8.0,-8.0,-8.0,-8.0,-8.0,-8.0,1. 年龄：18-33周岁；学历：≥高中（条件优秀者可适当放宽）；2. 有电话销售经验或者电话客服经验的优先考虑,0.0,0.0,-9.0,0.0,5.0,35.0,0.0,0.0
697b2873a224588b461dd2e5,1.0,宁波中基迈泰国际贸易有限公司,913302123169103771,4.0,0.0,-8.0,-8.0,8.0,1.0,2025.0,9.0,10.0,外贸经理主管/事业部经理主管,2-06-07,,,,,宁波,鄞州区,宁波市鄞州区首南街道鄞县大道东段1299号2501室2907,1.0,16000.0,30000.0,-9.0,-9.0,-9.0,-9.0,1.0,1. 负责三家相关公司的业务拓展，相关产品(主要医疗器械/消防救护/焊接工具外贸产品线)事业部筹备组建、发展壮大等,6.0,0.0,-9,-8.0,-8.0,-8.0,-8.0,-8.0,-8.0,-8.0,-8.0,-8.0,-8.0,-8.0,-8.0,"1. 负责三家相关公司的业务拓展,相关产品(主要医疗器械/消防救护/焊接工具外贸产品线)事业部筹备组建、发展壮大等",0.0,3.0,-9.0,0.0,5.0,-9.0,0.0,0.0